sensores_mantidos,sensores_removidos,qtd_sensores,features,accuracy,balanced_accuracy,f1_macro,cenario,delta_balanced_accuracy_pp_vs_baseline
MQ3 | MQ135,MQ2 | MQ7 | MQ8 | MQ138,2,MQ3_corrigido_env | MQ135_corrigido_env | Soil_indice_0_1 | Temp_C | Pres_kPa,0.9412163689803301,0.9390774120251935,0.9407013456123794,2_MQ__MQ3_MQ135,1.0061280733725808
MQ2 | MQ3 | MQ8 | MQ135,MQ7 | MQ138,4,MQ2_corrigido_env | MQ3_corrigido_env | MQ8_corrigido_env | MQ135_corrigido_env | Soil_indice_0_1 | Temp_C | Pres_kPa,0.9382319692516392,0.9360662868633058,0.9376833559008482,4_MQ__MQ2_MQ3_MQ8_MQ135,0.705015557183819
MQ2 | MQ3 | MQ8,MQ7 | MQ135 | MQ138,3,MQ2_corrigido_env | MQ3_corrigido_env | MQ8_corrigido_env | Soil_indice_0_1 | Temp_C | Pres_kPa,0.9367849875650012,0.9345227829276909,0.9361913969025439,3_MQ__MQ2_MQ3_MQ8,0.5506651636223214
MQ2 | MQ3 | MQ8 | MQ135 | MQ138,MQ7,5,MQ2_corrigido_env | MQ3_corrigido_env | MQ8_corrigido_env | MQ135_corrigido_env | MQ138_corrigido_env | Soil_indice_0_1 | Temp_C | Pres_kPa,0.9361067148993896,0.9338648406924985,0.9355141137254604,5_MQ__MQ2_MQ3_MQ8_MQ135_MQ138,0.4848709401030882
MQ2 | MQ8 | MQ135,MQ3 | MQ7 | MQ138,3,MQ2_corrigido_env | MQ8_corrigido_env | MQ135_corrigido_env | Soil_indice_0_1 | Temp_C | Pres_kPa,0.9359710603662672,0.9337632761164929,0.9353890143027233,3_MQ__MQ2_MQ8_MQ135,0.4747144825025251
MQ2 | MQ3 | MQ135 | MQ138,MQ7 | MQ8,4,MQ2_corrigido_env | MQ3_corrigido_env | MQ135_corrigido_env | MQ138_corrigido_env | Soil_indice_0_1 | Temp_C | Pres_kPa,0.9323536061496722,0.9300399500435281,0.9317014567679331,4_MQ__MQ2_MQ3_MQ135_MQ138,0.10238187520604791
MQ2 | MQ3 | MQ7 | MQ8 | MQ135 | MQ138,nenhum,6,MQ2_corrigido_env | MQ3_corrigido_env | MQ7_corrigido_env | MQ8_corrigido_env | MQ135_corrigido_env | MQ138_corrigido_env | Soil_indice_0_1 | Temp_C | Pres_kPa,0.9311779335292788,0.9290161312914677,0.9305714131589107,6_MQ__MQ2_MQ3_MQ7_MQ8_MQ135_MQ138,0.0
MQ2 | MQ3 | MQ7 | MQ135 | MQ138,MQ8,5,MQ2_corrigido_env | MQ3_corrigido_env | MQ7_corrigido_env | MQ135_corrigido_env | MQ138_corrigido_env | Soil_indice_0_1 | Temp_C | Pres_kPa,0.9297309518426408,0.9275085254625226,0.929089721821379,5_MQ__MQ2_MQ3_MQ7_MQ135_MQ138,-0.15076058289450467
MQ2 | MQ8 | MQ135 | MQ138,MQ3 | MQ7,4,MQ2_corrigido_env | MQ8_corrigido_env | MQ135_corrigido_env | MQ138_corrigido_env | Soil_indice_0_1 | Temp_C | Pres_kPa,0.9295952973095184,0.9271295664258861,0.9288575773473334,4_MQ__MQ2_MQ8_MQ135_MQ138,-0.1886564865581586
MQ2 | MQ135 | MQ138,MQ3 | MQ7 | MQ8,3,MQ2_corrigido_env | MQ135_corrigido_env | MQ138_corrigido_env | Soil_indice_0_1 | Temp_C | Pres_kPa,0.9290526791770292,0.9266743561582234,0.9283448492794061,3_MQ__MQ2_MQ135_MQ138,-0.2341775133244295
MQ2 | MQ3 | MQ138,MQ7 | MQ8 | MQ135,3,MQ2_corrigido_env | MQ3_corrigido_env | MQ138_corrigido_env | Soil_indice_0_1 | Temp_C | Pres_kPa,0.928419624689125,0.9260665861029129,0.9277159399327088,3_MQ__MQ2_MQ3_MQ138,-0.2949545188554725
MQ2,MQ3 | MQ7 | MQ8 | MQ135 | MQ138,1,MQ2_corrigido_env | Soil_indice_0_1 | Temp_C | Pres_kPa,0.9279674429120507,0.9257671990871407,0.9273195477721817,1_MQ__MQ2,-0.3248932204326982
MQ2 | MQ3 | MQ7 | MQ8 | MQ135,MQ138,5,MQ2_corrigido_env | MQ3_corrigido_env | MQ7_corrigido_env | MQ8_corrigido_env | MQ135_corrigido_env | Soil_indice_0_1 | Temp_C | Pres_kPa,0.9272891702464391,0.9249232393901133,0.9265697332929733,5_MQ__MQ2_MQ3_MQ7_MQ8_MQ135,-0.4092891901354312
MQ2 | MQ3,MQ7 | MQ8 | MQ135 | MQ138,2,MQ2_corrigido_env | MQ3_corrigido_env | Soil_indice_0_1 | Temp_C | Pres_kPa,0.9270178611801945,0.9245177754550539,0.9262400376673805,2_MQ__MQ2_MQ3,-0.4498355836413781
MQ2 | MQ8,MQ3 | MQ7 | MQ135 | MQ138,2,MQ2_corrigido_env | MQ8_corrigido_env | Soil_indice_0_1 | Temp_C | Pres_kPa,0.926249152159168,0.9237529619316118,0.9254652333057979,2_MQ__MQ2_MQ8,-0.5263169359855824
MQ2 | MQ3 | MQ135,MQ7 | MQ8 | MQ138,3,MQ2_corrigido_env | MQ3_corrigido_env | MQ135_corrigido_env | Soil_indice_0_1 | Temp_C | Pres_kPa,0.9259778430929233,0.9233377076038242,0.9251280843733414,3_MQ__MQ2_MQ3_MQ135,-0.5678423687643486
MQ2 | MQ7 | MQ8 | MQ135,MQ3 | MQ138,4,MQ2_corrigido_env | MQ7_corrigido_env | MQ8_corrigido_env | MQ135_corrigido_env | Soil_indice_0_1 | Temp_C | Pres_kPa,0.9247569522948225,0.9224073090985612,0.9240206801466565,4_MQ__MQ2_MQ7_MQ8_MQ135,-0.6608822192906483
MQ2 | MQ135,MQ3 | MQ7 | MQ8 | MQ138,2,MQ2_corrigido_env | MQ135_corrigido_env | Soil_indice_0_1 | Temp_C | Pres_kPa,0.92480217047253,0.9223236792444919,0.9240113957642073,2_MQ__MQ2_MQ135,-0.6692452046975772
MQ2 | MQ3 | MQ8 | MQ138,MQ7 | MQ135,4,MQ2_corrigido_env | MQ3_corrigido_env | MQ8_corrigido_env | MQ138_corrigido_env | Soil_indice_0_1 | Temp_C | Pres_kPa,0.9222699525209134,0.9194846659929108,0.921310476003718,4_MQ__MQ2_MQ3_MQ8_MQ138,-0.9531465298556863
MQ135,MQ2 | MQ3 | MQ7 | MQ8 | MQ138,1,MQ135_corrigido_env | Soil_indice_0_1 | Temp_C | Pres_kPa,0.9223151706986209,0.9194826227449093,0.92133305217149,1_MQ__MQ135,-0.9533508546558322
MQ3,MQ2 | MQ7 | MQ8 | MQ135 | MQ138,1,MQ3_corrigido_env | Soil_indice_0_1 | Temp_C | Pres_kPa,0.9213655889667647,0.9184387973601138,0.9203244582083316,1_MQ__MQ3,-1.057733393135385
MQ2 | MQ3 | MQ7 | MQ135,MQ8 | MQ138,4,MQ2_corrigido_env | MQ3_corrigido_env | MQ7_corrigido_env | MQ135_corrigido_env | Soil_indice_0_1 | Temp_C | Pres_kPa,0.9205516617680307,0.9180023735089449,0.919685974008408,4_MQ__MQ2_MQ3_MQ7_MQ135,-1.1013757782522782
MQ2 | MQ138,MQ3 | MQ7 | MQ8 | MQ135,2,MQ2_corrigido_env | MQ138_corrigido_env | Soil_indice_0_1 | Temp_C | Pres_kPa,0.9195116436807597,0.9169104191922686,0.9186105142296577,2_MQ__MQ2_MQ138,-1.2105712099199084
MQ2 | MQ3 | MQ7,MQ8 | MQ135 | MQ138,3,MQ2_corrigido_env | MQ3_corrigido_env | MQ7_corrigido_env | Soil_indice_0_1 | Temp_C | Pres_kPa,0.918516843771196,0.9159730679112414,0.9176328888350072,3_MQ__MQ2_MQ3_MQ7,-1.3043063380226205
MQ2 | MQ3 | MQ7 | MQ138,MQ8 | MQ135,4,MQ2_corrigido_env | MQ3_corrigido_env | MQ7_corrigido_env | MQ138_corrigido_env | Soil_indice_0_1 | Temp_C | Pres_kPa,0.9143567714221117,0.9116313583584781,0.9133369584412603,4_MQ__MQ2_MQ3_MQ7_MQ138,-1.7384772932989567
MQ2 | MQ8 | MQ138,MQ3 | MQ7 | MQ135,3,MQ2_corrigido_env | MQ8_corrigido_env | MQ138_corrigido_env | Soil_indice_0_1 | Temp_C | Pres_kPa,0.9141306805335745,0.9111292107123783,0.9129569997240147,3_MQ__MQ2_MQ8_MQ138,-1.788692057908936
MQ2 | MQ7,MQ3 | MQ8 | MQ135 | MQ138,2,MQ2_corrigido_env | MQ7_corrigido_env | Soil_indice_0_1 | Temp_C | Pres_kPa,0.9120506443590324,0.9093140735384528,0.9109989484682397,2_MQ__MQ2_MQ7,-1.9702057753014812
MQ2 | MQ7 | MQ135,MQ3 | MQ8 | MQ138,3,MQ2_corrigido_env | MQ7_corrigido_env | MQ135_corrigido_env | Soil_indice_0_1 | Temp_C | Pres_kPa,0.910784535383224,0.9079451506084244,0.9096612598829237,3_MQ__MQ2_MQ7_MQ135,-2.107098068304325
MQ3 | MQ8 | MQ135,MQ2 | MQ7 | MQ138,3,MQ3_corrigido_env | MQ8_corrigido_env | MQ135_corrigido_env | Soil_indice_0_1 | Temp_C | Pres_kPa,0.9106940990278092,0.9073781308619515,0.9092831787993728,3_MQ__MQ3_MQ8_MQ135,-2.1638000429516135
MQ2 | MQ7 | MQ8 | MQ135 | MQ138,MQ3,5,MQ2_corrigido_env | MQ7_corrigido_env | MQ8_corrigido_env | MQ135_corrigido_env | MQ138_corrigido_env | Soil_indice_0_1 | Temp_C | Pres_kPa,0.9081618810761927,0.9052211816370985,0.906947879984781,5_MQ__MQ2_MQ7_MQ8_MQ135_MQ138,-2.3794949654369124
MQ2 | MQ3 | MQ7 | MQ8,MQ135 | MQ138,4,MQ2_corrigido_env | MQ3_corrigido_env | MQ7_corrigido_env | MQ8_corrigido_env | Soil_indice_0_1 | Temp_C | Pres_kPa,0.901288718064662,0.8980290510393032,0.899777062767495,4_MQ__MQ2_MQ3_MQ7_MQ8,-3.0987080252164456
MQ3 | MQ138,MQ2 | MQ7 | MQ8 | MQ135,2,MQ3_corrigido_env | MQ138_corrigido_env | Soil_indice_0_1 | Temp_C | Pres_kPa,0.8969025548270405,0.8930611821992169,0.8948780762311429,2_MQ__MQ3_MQ138,-3.595494909225072
MQ8 | MQ135,MQ2 | MQ3 | MQ7 | MQ138,2,MQ8_corrigido_env | MQ135_corrigido_env | Soil_indice_0_1 | Temp_C | Pres_kPa,0.8961790639837215,0.8923595947126277,0.8941592970528632,2_MQ__MQ8_MQ135,-3.6656536578839938
MQ3 | MQ135 | MQ138,MQ2 | MQ7 | MQ8,3,MQ3_corrigido_env | MQ135_corrigido_env | MQ138_corrigido_env | Soil_indice_0_1 | Temp_C | Pres_kPa,0.8944607732308388,0.8905770635183319,0.8923551571897526,3_MQ__MQ3_MQ135_MQ138,-3.843906777313577
MQ2 | MQ7 | MQ138,MQ3 | MQ8 | MQ135,3,MQ2_corrigido_env | MQ7_corrigido_env | MQ138_corrigido_env | Soil_indice_0_1 | Temp_C | Pres_kPa,0.893963373276057,0.8905766949966483,0.8922508939902323,3_MQ__MQ2_MQ7_MQ138,-3.8439436294819385
MQ2 | MQ7 | MQ135 | MQ138,MQ3 | MQ8,4,MQ2_corrigido_env | MQ7_corrigido_env | MQ135_corrigido_env | MQ138_corrigido_env | Soil_indice_0_1 | Temp_C | Pres_kPa,0.8925616097671264,0.889109470954857,0.8907767971091523,4_MQ__MQ2_MQ7_MQ135_MQ138,-3.990666033661061
MQ3 | MQ8 | MQ135 | MQ138,MQ2 | MQ7,4,MQ3_corrigido_env | MQ8_corrigido_env | MQ135_corrigido_env | MQ138_corrigido_env | Soil_indice_0_1 | Temp_C | Pres_kPa,0.891702464390685,0.8877058414716024,0.8894452241382774,4_MQ__MQ3_MQ8_MQ135_MQ138,-4.131028981986528
MQ138,MQ2 | MQ3 | MQ7 | MQ8 | MQ135,1,MQ138_corrigido_env | Soil_indice_0_1 | Temp_C | Pres_kPa,0.8907981008365363,0.8867154517309316,0.8884448578127375,1_MQ__MQ138,-4.230067956053607
MQ7 | MQ8 | MQ135,MQ2 | MQ3 | MQ138,3,MQ7_corrigido_env | MQ8_corrigido_env | MQ135_corrigido_env | Soil_indice_0_1 | Temp_C | Pres_kPa,0.8900293918155099,0.8862182422753924,0.8879042403395406,3_MQ__MQ7_MQ8_MQ135,-4.279788901607528
MQ135 | MQ138,MQ2 | MQ3 | MQ7 | MQ8,2,MQ135_corrigido_env | MQ138_corrigido_env | Soil_indice_0_1 | Temp_C | Pres_kPa,0.88437711960208,0.8801229468592386,0.881724333879649,2_MQ__MQ135_MQ138,-4.889318443222901
MQ2 | MQ7 | MQ8 | MQ138,MQ3 | MQ135,4,MQ2_corrigido_env | MQ7_corrigido_env | MQ8_corrigido_env | MQ138_corrigido_env | Soil_indice_0_1 | Temp_C | Pres_kPa,0.8828397015600271,0.8789457739505682,0.8805068556105377,4_MQ__MQ2_MQ7_MQ8_MQ138,-5.007035734089948
MQ2 | MQ7 | MQ8,MQ3 | MQ135 | MQ138,3,MQ2_corrigido_env | MQ7_corrigido_env | MQ8_corrigido_env | Soil_indice_0_1 | Temp_C | Pres_kPa,0.8813475016956817,0.87741084019144,0.8789457830068632,3_MQ__MQ2_MQ7_MQ8,-5.160529110002765
MQ2 | MQ3 | MQ7 | MQ8 | MQ138,MQ135,5,MQ2_corrigido_env | MQ3_corrigido_env | MQ7_corrigido_env | MQ8_corrigido_env | MQ138_corrigido_env | Soil_indice_0_1 | Temp_C | Pres_kPa,0.8807144472077775,0.8766757950306636,0.8782007961352933,5_MQ__MQ2_MQ3_MQ7_MQ8_MQ138,-5.234033626080404
MQ3 | MQ8,MQ2 | MQ7 | MQ135 | MQ138,2,MQ3_corrigido_env | MQ8_corrigido_env | Soil_indice_0_1 | Temp_C | Pres_kPa,0.8782274474338684,0.8736878826401588,0.8751319169094804,2_MQ__MQ3_MQ8,-5.5328248651308805
MQ8 | MQ135 | MQ138,MQ2 | MQ3 | MQ7,3,MQ8_corrigido_env | MQ135_corrigido_env | MQ138_corrigido_env | Soil_indice_0_1 | Temp_C | Pres_kPa,0.8762378476147411,0.8716728511156675,0.8730657407224902,3_MQ__MQ8_MQ135_MQ138,-5.734328017580015
MQ8,MQ2 | MQ3 | MQ7 | MQ135 | MQ138,1,MQ8_corrigido_env | Soil_indice_0_1 | Temp_C | Pres_kPa,0.8745647750395659,0.8698752228163993,0.871206631028193,1_MQ__MQ8,-5.914090847506836
MQ3 | MQ7 | MQ8 | MQ135,MQ2 | MQ138,4,MQ3_corrigido_env | MQ7_corrigido_env | MQ8_corrigido_env | MQ135_corrigido_env | Soil_indice_0_1 | Temp_C | Pres_kPa,0.8713542844223378,0.8667013502896548,0.8679595117564007,4_MQ__MQ3_MQ7_MQ8_MQ135,-6.2314781001812865
MQ8 | MQ138,MQ2 | MQ3 | MQ7 | MQ135,2,MQ8_corrigido_env | MQ138_corrigido_env | Soil_indice_0_1 | Temp_C | Pres_kPa,0.8713090662446303,0.866497795290365,0.8677195143550704,2_MQ__MQ8_MQ138,-6.251833600110269
MQ3 | MQ8 | MQ138,MQ2 | MQ7 | MQ135,3,MQ3_corrigido_env | MQ8_corrigido_env | MQ138_corrigido_env | Soil_indice_0_1 | Temp_C | Pres_kPa,0.8680533574496948,0.8631366850855442,0.8642430085693333,3_MQ__MQ3_MQ8_MQ138,-6.587944620592346
MQ7 | MQ8 | MQ135 | MQ138,MQ2 | MQ3,4,MQ7_corrigido_env | MQ8_corrigido_env | MQ135_corrigido_env | MQ138_corrigido_env | Soil_indice_0_1 | Temp_C | Pres_kPa,0.8673298666063758,0.8626047977395765,0.8637452686087613,4_MQ__MQ7_MQ8_MQ135_MQ138,-6.64113335518911
MQ3 | MQ7 | MQ135,MQ2 | MQ8 | MQ138,3,MQ3_corrigido_env | MQ7_corrigido_env | MQ135_corrigido_env | Soil_indice_0_1 | Temp_C | Pres_kPa,0.8623558670585575,0.8574285216980326,0.8583765696965058,3_MQ__MQ3_MQ7_MQ135,-7.1587609593435015
MQ3 | MQ7 | MQ8 | MQ135 | MQ138,MQ2,5,MQ3_corrigido_env | MQ7_corrigido_env | MQ8_corrigido_env | MQ135_corrigido_env | MQ138_corrigido_env | Soil_indice_0_1 | Temp_C | Pres_kPa,0.8609088853719196,0.8558523831199905,0.856711595860532,5_MQ__MQ3_MQ7_MQ8_MQ135_MQ138,-7.31637481714772
MQ7 | MQ135,MQ2 | MQ3 | MQ8 | MQ138,2,MQ7_corrigido_env | MQ135_corrigido_env | Soil_indice_0_1 | Temp_C | Pres_kPa,0.8604114854171377,0.8555354585667632,0.8564495351499265,2_MQ__MQ7_MQ135,-7.348067272470448
MQ7 | MQ138,MQ2 | MQ3 | MQ8 | MQ135,2,MQ7_corrigido_env | MQ138_corrigido_env | Soil_indice_0_1 | Temp_C | Pres_kPa,0.8524078679629211,0.8472554601482944,0.8478270050078733,2_MQ__MQ7_MQ138,-8.17606711431732
MQ7 | MQ8 | MQ138,MQ2 | MQ3 | MQ135,3,MQ7_corrigido_env | MQ8_corrigido_env | MQ138_corrigido_env | Soil_indice_0_1 | Temp_C | Pres_kPa,0.8492425955234004,0.8438772095905,0.8442355583160102,3_MQ__MQ7_MQ8_MQ138,-8.51389217009676
MQ3 | MQ7 | MQ135 | MQ138,MQ2 | MQ8,4,MQ3_corrigido_env | MQ7_corrigido_env | MQ135_corrigido_env | MQ138_corrigido_env | Soil_indice_0_1 | Temp_C | Pres_kPa,0.8487451955686186,0.8433187886833117,0.843624255764188,4_MQ__MQ3_MQ7_MQ135_MQ138,-8.569734260815597
MQ7 | MQ135 | MQ138,MQ2 | MQ3 | MQ8,3,MQ7_corrigido_env | MQ135_corrigido_env | MQ138_corrigido_env | Soil_indice_0_1 | Temp_C | Pres_kPa,0.8475695229482252,0.842216646789426,0.8425306343558439,3_MQ__MQ7_MQ135_MQ138,-8.679948450204167
MQ3 | MQ7 | MQ8 | MQ138,MQ2 | MQ135,4,MQ3_corrigido_env | MQ7_corrigido_env | MQ8_corrigido_env | MQ138_corrigido_env | Soil_indice_0_1 | Temp_C | Pres_kPa,0.846212977617002,0.8406657928935655,0.8408106338596439,4_MQ__MQ3_MQ7_MQ8_MQ138,-8.835033839790219
MQ3 | MQ7 | MQ138,MQ2 | MQ8 | MQ135,3,MQ3_corrigido_env | MQ7_corrigido_env | MQ138_corrigido_env | Soil_indice_0_1 | Temp_C | Pres_kPa,0.8406059235812797,0.8348784833324685,0.8347005118152624,3_MQ__MQ3_MQ7_MQ138,-9.413764795899915
MQ7,MQ2 | MQ3 | MQ8 | MQ135 | MQ138,1,MQ7_corrigido_env | Soil_indice_0_1 | Temp_C | Pres_kPa,0.8285326701333936,0.8224876582907092,0.8215818901323348,1_MQ__MQ7,-10.652847300075841
MQ7 | MQ8,MQ2 | MQ3 | MQ135 | MQ138,2,MQ7_corrigido_env | MQ8_corrigido_env | Soil_indice_0_1 | Temp_C | Pres_kPa,0.8277639611123672,0.8216379946969565,0.820617846047939,2_MQ__MQ7_MQ8,-10.737813659451112
MQ3 | MQ7,MQ2 | MQ8 | MQ135 | MQ138,2,MQ3_corrigido_env | MQ7_corrigido_env | Soil_indice_0_1 | Temp_C | Pres_kPa,0.8243273796066019,0.8180141899519959,0.8166477281970457,2_MQ__MQ3_MQ7,-11.100194133947172
MQ3 | MQ7 | MQ8,MQ2 | MQ135 | MQ138,3,MQ3_corrigido_env | MQ7_corrigido_env | MQ8_corrigido_env | Soil_indice_0_1 | Temp_C | Pres_kPa,0.8137011078453539,0.8069123186349196,0.8044544764540731,3_MQ__MQ3_MQ7_MQ8,-12.210381265654801
