Coleta,Dia,Classe,n_total,Pres_antes,Pres_1200_1300,Pres_depois,Pres_delta_pct,MQ2_delta_pct,MQ3_delta_pct,MQ7_delta_pct,MQ8_delta_pct,MQ135_delta_pct,MQ138_delta_pct,media_abs_delta_sensores_pct,media_delta_sensores_pct
dia 11 - Soja Heterodera Vaso 6,11,0,2381,93.53860000000003,93.53910891089112,93.54099999999998,0.000544065114386124,1.1659333277814343,1.314418923153821,4.5949606531751215,0.9880870910285398,0.5467692012154313,1.4085708459362136,1.6697900070484273,1.6697900070484273
dia 11 - Soja Heterodera Vaso 7,11,0,2208,93.53770000000003,93.53881188118814,93.53850000000003,0.0011886984479081795,0.6644653381516717,0.06709208439826522,0.9247551845136407,0.32047617388359423,0.5724728423167158,1.3231058166559888,0.6453945733199794,0.6453945733199794
dia 11 - Soja Saudavel Vaso 1,11,1,2901,93.86270000000002,93.86564356435647,93.86690000000003,0.0031360320515570273,0.533772451135721,-0.710047243927666,-1.8776540473192895,-0.49618102614963555,0.8822105314760272,0.7585636935781167,0.8764048322644094,-0.151555940201121
dia 11 - Soja Saudavel Vaso 2,11,1,2392,93.84980000000002,93.84960396039605,93.85010000000003,-0.00020888654420523752,1.4576449517294194,1.739623433358153,1.3305572434499782,0.566978952381491,0.4300207784555091,4.126756712306516,1.6085970119468442,1.6085970119468442
dia 11 - Soja Saudavel Vaso 3,11,1,2891,93.80789999999998,93.80861386138608,93.80979999999995,0.0007609821625929974,1.0890597088561544,1.1313071169910716,1.3515799071320347,0.6223719790642209,0.624311456531721,-1.7983785807494226,1.1028347915541044,0.5033752646376302
dia 11 - Soja Saudavel Vaso 4,11,1,2586,93.78070000000001,93.77970297029707,93.77960000000003,-0.0010631502035536296,1.0519479785455204,1.568525662783625,1.3014861357639824,0.873159379406694,0.6653705580663969,8.916898363918694,2.3962313464141523,2.3962313464141523
dia 11 - Soja Saudavel Vaso 5,11,1,2628,93.73959999999997,93.73861386138613,93.73939999999999,-0.0010519978897282167,0.6786743404185046,1.3708810027015301,2.065077140836772,0.734323976300745,0.5604643867034711,3.5406892159656955,1.4916850104877863,1.4916850104877863
dia 12 - Soja Heterodera Vaso 1,12,0,2501,93.68940000000002,93.69217821782183,93.69540000000005,0.002965349144954712,1.2927104604176123,0.8368988915814048,1.528642242666433,0.12315552696001773,0.7761666130425381,0.018587452642787505,0.7626935312184656,0.7626935312184656
dia 12 - Soja Heterodera Vaso 6,12,0,2491,93.6988,93.70198019801985,93.70280000000002,0.0033940648331120945,1.0896674147347662,0.26747258072903085,4.73110348284111,0.5355635385207798,1.0052103754919974,1.5225556754838725,1.5252621779669262,1.5252621779669262
dia 12 - Soja Heterodera Vaso 7,12,0,2577,93.70620000000007,93.70554455445544,93.70870000000001,-0.0006994687060445191,0.2688128042827308,1.041222766730099,6.137991973349522,2.980754842718388,1.1724511617509374,2.3277734830105494,2.3215011719737046,2.3215011719737046
dia 12 - Soja Heterodera Vaso 8,12,0,2478,93.69090000000004,93.69158415841588,93.69130000000004,0.000730229313451549,9.146157245171246,0.6755092339577058,-74.86058875658689,-20.088607267299615,0.948543320871079,1.3796956412662846,17.849850244192137,-13.799881763770031
dia 12 - Soja Heterodera Vaso 9,12,0,2544,93.69620000000005,93.69524752475252,93.69340000000004,-0.0010165569655226784,1.2942283962038565,1.1743499930729524,1.4915577523573178,0.17861977075209484,0.6336822742711196,3.993805057381694,1.4610405406731726,1.4610405406731726
dia 12 - Soja Saudavel Vaso 2,12,1,2540,93.7113,93.71019801980196,93.7089,-0.0011759309688689097,1.3595636319563424,0.8678720378489675,0.9072239433049399,-0.1598592149897977,0.6926469355956807,0.03189055371507084,0.6698427195684665,0.6165563145718673
dia 13 - Soja Saudavel Vaso 1,13,1,2233,93.56449999999995,93.56752475247521,93.56679999999997,0.0032327992724327666,0.12613667459882266,0.434337268011588,0.11075981850105349,-0.3421313629408037,0.2524545815590912,0.1275124455230807,0.2322220251890733,0.1181782375421387
dia 13 - Soja Saudavel Vaso 3,13,1,2395,93.55609999999996,93.55475247524745,93.55519999999997,-0.0014403387406098159,0.0476581802656624,-0.7463092362292308,0.04671029531488528,0.2926667740809795,-0.7537592383332586,0.03763684952008484,0.3207900956240169,-0.17923272923014624
dia 13 - Soja Saudavel Vaso 4,13,1,1781,93.56509999999997,93.56633663366334,93.56609999999996,0.0013216826181637923,0.21621649760028752,-0.6533345260456517,0.21165422127390932,-0.77877584258069,-1.007619785160257,0.20892582780205582,0.5127544500771419,-0.30048893451839104
dia 13 - Soja Saudavel Vaso 5,13,1,2236,93.56479999999996,93.56683168316827,93.56639999999997,0.0021714182772921186,0.2507526403052146,0.31053584725098365,0.26867809969192363,2.2662378962460665,0.3603502403408072,0.2529725856182521,0.6182545515755412,0.6182545515755412
dia 18 - Soja Heterodera Vaso 1,18,0,1382,93.47969999999998,93.47821782178215,93.48037037037037,-0.001585561590192703,0.20767410736604427,0.12001743368960664,0.7799758812642998,0.20017908853054805,0.07341374042069983,-0.2562603749158736,0.27292010436451203,0.18749997939255417
dia 18 - Soja Heterodera Vaso 6,18,0,1732,93.54679999999996,93.54465346534651,93.54709999999999,-0.0022946104553532402,0.37850738719756466,0.1575916034815903,0.9467969759320112,0.37934493853543017,0.07266008116141649,0.4760179624144897,0.4018198247870837,0.4018198247870837
dia 18 - Soja Heterodera Vaso 7,18,0,1719,93.52760000000002,93.52801980198022,93.52700000000003,0.0004488535792647498,0.330309246384944,0.0913569635710887,0.6763068510229998,0.34895656623291266,0.09341446274841197,0.27243656887453044,0.3021301098058146,0.3021301098058146
dia 18 - Soja Heterodera Vaso 8,18,0,1405,93.53350000000002,93.53673267326734,93.53490000000002,0.003456166258420562,0.4568890170118728,0.20108088498963908,0.3868892945822184,0.3305298963201456,0.155619193837705,0.36031972885852814,0.3152213359333515,0.3152213359333515
dia 18 - Soja Heterodera Vaso 9,18,0,1332,93.54070000000002,93.53960396039608,93.53967741935483,-0.0011717248255963023,0.5673215374178334,0.1289766135509215,-2.617237719088062,-0.7627603018786746,0.09184427608281208,0.5536620401096971,0.7869670813546666,-0.33969892563424536
dia 18 - Soja Saudavel Vaso 1,18,1,2260,89.58399999999997,84.4378217821782,93.50450000000001,-5.7445282838696325,-2.8962369765113816,-1.8339680342557019,-6.9022153384443925,-3.963919764437269,-1.8999219185768634,-4.347365864570888,3.640604649466083,-3.640604649466083
dia 18 - Soja Saudavel Vaso 2,18,1,1928,93.5416,93.54227722772278,93.5413,0.0007239856093709558,0.4016888740002213,0.2141308687836233,0.22132323800649867,-0.04128114186664449,0.23932196148846624,-0.002331855569034199,0.18667965661908134,0.17214199080718848
dia 18 - Soja Saudavel Vaso 4,18,1,2013,93.53930000000003,93.53990099009903,93.54080000000002,0.0006425001031676249,0.29280836438608576,0.1871712052374452,0.23914355318150324,0.2767283601595998,0.14571722381279617,-0.27142712996266194,0.2354993061233487,0.1450235961357947
dia 18 - Soja Saudavel Vaso 5,18,1,1909,93.54080000000002,93.54198019801984,93.5423,0.0012616933143871703,0.33039839578223623,0.23797407454248845,0.2217187908251684,0.35569906425011183,0.12248206972109181,0.3152362085520654,0.26391810061219373,0.26391810061219373
dia 19 - Soja Heterodera Vaso 1,19,0,1325,93.72139999999997,93.7246534653465,93.72333333333331,0.0034714220514545516,-1.82617963359204,-0.02768922188890673,9.573748561801251,3.692369854459975,9.133933886382975,-1.3994319523520382,4.275558851746197,3.1911252491352022
dia 19 - Soja Heterodera Vaso 7,19,0,1512,93.69250000000004,93.69287128712874,93.69400000000005,0.0003962826573105793,0.4303218265518244,0.17935206853988778,1.7609924621269264,0.4267564360254228,0.17298773578025947,0.27015195740462394,0.5400937477381574,0.5400937477381574
dia 19 - Soja Heterodera Vaso 8,19,0,1513,93.7096,93.70999999999998,93.71059999999997,0.00042685061080706454,0.6073098858287348,0.29613763561936973,1.7514035081825123,0.059910117006902984,0.21319517741313007,0.2822548187155389,0.5350351904610315,0.5350351904610315
dia 19 - Soja Heterodera Vaso 9,19,0,1513,93.7096,93.70999999999998,93.71059999999997,0.00042685061080706454,0.6073098858287348,0.29613763561936973,1.7514035081825123,0.059910117006902984,0.21319517741313007,0.2822548187155389,0.5350351904610315,0.5350351904610315
dia 19 - Soja Saudavel Vaso 2,19,1,1345,93.73269999999998,93.73099009900986,93.73113636363637,-0.0018242310208940772,0.7190850986920713,0.25755786718618046,0.7447809029289001,-0.09129533552780002,0.21729471504629339,0.4977103614017247,0.421287380130495,0.3908556016212283
dia 19 - Soja Saudavel Vaso 5,19,1,1307,93.71509999999998,93.71108910891087,93.71166666666666,-0.004279877083958975,0.4815658856646185,0.09837652902923621,1.4370740721632658,-1.0327472159710975,0.17985530717986295,0.4589969720875885,0.6147693303492783,0.2705202583589124
