Coleta,linhas,Classe,Soil_min,Soil_max,Soil_amplitude,Temp._min,Temp._max,Temp._amplitude,Pres._min,Pres._max,Pres._amplitude,MQ2_min,MQ2_max,MQ2_amplitude,MQ3_min,MQ3_max,MQ3_amplitude,MQ7_min,MQ7_max,MQ7_amplitude,MQ8_min,MQ8_max,MQ8_amplitude,MQ135_min,MQ135_max,MQ135_amplitude,MQ138_min,MQ138_max,MQ138_amplitude
dia 11 - Soja Heterodera Vaso 6,2241,0,1.0,236.0,235.0,36.1,42.4,6.299999999999997,93.52,93.56,0.04000000000000625,6693.0,7608.0,915.0,13374.0,15087.0,1713.0,476.0,679.0,203.0,3080.0,3365.0,285.0,19070.0,20476.0,1406.0,10793.0,13171.0,2378.0
dia 11 - Soja Heterodera Vaso 7,2056,0,5.0,183.0,178.0,43.7,46.8,3.0999999999999943,93.5,93.55,0.04999999999999716,6558.0,7529.0,971.0,13201.0,15093.0,1892.0,616.0,1397.0,781.0,3459.0,4283.0,824.0,19145.0,20634.0,1489.0,11211.0,13622.0,2411.0
dia 11 - Soja Saudavel Vaso 1,2159,1,280.0,330.0,50.0,32.5,37.5,5.0,93.83,93.88,0.04999999999999716,7539.0,9672.0,2133.0,13533.0,19064.0,5531.0,1349.0,1737.0,388.0,4105.0,4579.0,474.0,19320.0,22122.0,2802.0,10053.0,14738.0,4685.0
dia 11 - Soja Saudavel Vaso 2,2005,1,247.0,418.0,171.0,35.2,40.0,4.799999999999997,93.75,93.87,0.12000000000000455,7451.0,8571.0,1120.0,12851.0,15528.0,2677.0,1052.0,1191.0,139.0,3949.0,4286.0,337.0,20085.0,21811.0,1726.0,9603.0,17532.0,7929.0
dia 11 - Soja Saudavel Vaso 3,2121,1,253.0,421.0,168.0,38.4,43.0,4.600000000000001,93.78,93.83,0.04999999999999716,7457.0,8875.0,1418.0,14163.0,16363.0,2200.0,1023.0,1224.0,201.0,4130.0,4496.0,366.0,19700.0,21451.0,1751.0,9407.0,13506.0,4099.0
dia 11 - Soja Saudavel Vaso 4,2229,1,150.0,308.0,158.0,38.4,44.2,5.800000000000004,93.76,93.81,0.04999999999999716,7420.0,8505.0,1085.0,12970.0,15438.0,2468.0,934.0,1115.0,181.0,4293.0,4717.0,424.0,19811.0,21381.0,1570.0,10446.0,13165.0,2719.0
dia 11 - Soja Saudavel Vaso 5,2251,1,154.0,457.0,303.0,35.4,42.3,6.899999999999999,93.71,93.76,0.05000000000001137,6843.0,8021.0,1178.0,12021.0,14725.0,2704.0,752.0,1000.0,248.0,4047.0,4508.0,461.0,19944.0,21262.0,1318.0,10328.0,12793.0,2465.0
dia 12 - Soja Heterodera Vaso 1,2158,0,139.0,170.0,31.0,38.9,43.2,4.300000000000004,93.67,93.71,0.03999999999999204,6027.0,6964.0,937.0,13176.0,15058.0,1882.0,71.0,102.0,31.0,2471.0,2547.0,76.0,17334.0,19187.0,1853.0,8185.0,10953.0,2768.0
dia 12 - Soja Heterodera Vaso 6,2132,0,134.0,174.0,40.0,26.0,32.2,6.200000000000003,93.67,93.71,0.03999999999999204,5668.0,6880.0,1212.0,13269.0,15671.0,2402.0,168.0,450.0,282.0,2485.0,2762.0,277.0,17800.0,20092.0,2292.0,9273.0,12834.0,3561.0
dia 12 - Soja Heterodera Vaso 7,2181,0,122.0,159.0,37.0,31.5,37.7,6.200000000000003,93.68,93.72,0.03999999999999204,4503.0,7091.0,2588.0,13138.0,15536.0,2398.0,225.0,2635.0,2410.0,2520.0,4739.0,2219.0,17634.0,19788.0,2154.0,9595.0,14328.0,4733.0
dia 12 - Soja Heterodera Vaso 8,2168,0,129.0,159.0,30.0,39.6,42.5,2.8999999999999986,93.67,93.71,0.03999999999999204,5552.0,6806.0,1254.0,14089.0,15807.0,1718.0,151.0,1527.0,1376.0,2487.0,3811.0,1324.0,17671.0,19544.0,1873.0,8595.0,11535.0,2940.0
dia 12 - Soja Heterodera Vaso 9,2202,0,127.0,225.0,98.0,36.3,41.0,4.700000000000003,93.68,93.71,0.029999999999986926,6114.0,6835.0,721.0,13557.0,15004.0,1447.0,92.0,107.0,15.0,2512.0,2621.0,109.0,17530.0,19188.0,1658.0,8090.0,11661.0,3571.0
dia 12 - Soja Saudavel Vaso 2,2352,1,166.0,277.0,111.0,35.5,41.9,6.399999999999999,93.68,93.72,0.03999999999999204,6133.0,6931.0,798.0,13607.0,14917.0,1310.0,63.0,72.0,9.0,2228.0,2336.0,108.0,17768.0,19261.0,1493.0,9723.0,10945.0,1222.0
dia 13 - Soja Saudavel Vaso 1,2130,1,228.0,953.0,725.0,34.8,41.7,6.900000000000006,93.55,93.59,0.04000000000000625,12015.0,20646.0,8631.0,6554.0,7467.0,913.0,11433.0,20631.0,9198.0,7541.0,16359.0,8818.0,6253.0,6724.0,471.0,16730.0,20649.0,3919.0
dia 13 - Soja Saudavel Vaso 3,2067,1,272.0,1193.0,921.0,19.4,28.8,9.400000000000002,93.54,93.56,0.01999999999999602,21034.0,21640.0,606.0,10957.0,11920.0,963.0,21013.0,21643.0,630.0,7184.0,7828.0,644.0,10387.0,11338.0,951.0,20998.0,21642.0,644.0
dia 13 - Soja Saudavel Vaso 4,1546,1,594.0,910.0,316.0,28.7,33.9,5.199999999999999,93.54,93.57,0.029999999999986926,20402.0,20883.0,481.0,8199.0,8786.0,587.0,20430.0,20883.0,453.0,7597.0,8536.0,939.0,7413.0,8149.0,736.0,20426.0,20883.0,457.0
dia 13 - Soja Saudavel Vaso 5,2129,1,361.0,1191.0,830.0,33.3,38.6,5.300000000000004,93.55,93.58,0.030000000000001137,19804.0,20660.0,856.0,7156.0,7648.0,492.0,19776.0,20661.0,885.0,6155.0,8881.0,2726.0,6340.0,6930.0,590.0,19786.0,20658.0,872.0
dia 18 - Soja Heterodera Vaso 1,1382,0,2661.0,2831.0,170.0,40.3,42.8,2.5,93.47,93.51,0.04000000000000625,11802.0,12444.0,642.0,18293.0,18904.0,611.0,322.0,380.0,58.0,2898.0,3131.0,233.0,20576.0,21335.0,759.0,8973.0,9465.0,492.0
dia 18 - Soja Heterodera Vaso 6,1615,0,2756.0,2930.0,174.0,36.7,40.4,3.6999999999999957,93.54,93.56,0.01999999999999602,11669.0,12278.0,609.0,18189.0,19073.0,884.0,327.0,365.0,38.0,3390.0,3724.0,334.0,20706.0,21631.0,925.0,8766.0,9428.0,662.0
dia 18 - Soja Heterodera Vaso 7,1608,0,2765.0,2949.0,184.0,38.0,41.0,3.0,93.51,93.54,0.030000000000001137,11401.0,12149.0,748.0,18163.0,18908.0,745.0,292.0,333.0,41.0,3131.0,3370.0,239.0,20567.0,21475.0,908.0,8495.0,9170.0,675.0
dia 18 - Soja Heterodera Vaso 8,1405,0,2752.0,2906.0,154.0,39.3,41.6,2.3000000000000043,93.52,93.54,0.020000000000010232,11224.0,11800.0,576.0,17930.0,18800.0,870.0,274.0,298.0,24.0,2962.0,3207.0,245.0,20373.0,21361.0,988.0,8374.0,8824.0,450.0
dia 18 - Soja Heterodera Vaso 9,1332,0,2703.0,2897.0,194.0,39.2,41.6,2.3999999999999986,93.52,93.55,0.030000000000001137,10955.0,11807.0,852.0,18006.0,18708.0,702.0,258.0,1292.0,1034.0,2834.0,3990.0,1156.0,20295.0,21203.0,908.0,8473.0,8816.0,343.0
dia 18 - Soja Saudavel Vaso 1,2104,1,2775.0,2971.0,196.0,22.9,29.5,6.600000000000001,93.49,93.52,0.030000000000001137,12913.0,13577.0,664.0,18719.0,19497.0,778.0,1041.0,1208.0,167.0,8591.0,9952.0,1361.0,22143.0,23018.0,875.0,11192.0,12925.0,1733.0
dia 18 - Soja Saudavel Vaso 2,1790,1,2706.0,2932.0,226.0,28.4,33.4,5.0,93.53,93.55,0.01999999999999602,11049.0,11941.0,892.0,17363.0,18499.0,1136.0,434.0,496.0,62.0,4791.0,5145.0,354.0,20025.0,21277.0,1252.0,8865.0,9673.0,808.0
dia 18 - Soja Saudavel Vaso 4,1733,1,2718.0,2911.0,193.0,33.3,36.8,3.5,93.53,93.55,0.01999999999999602,11260.0,11899.0,639.0,17847.0,18618.0,771.0,376.0,423.0,47.0,3479.0,3852.0,373.0,20230.0,21236.0,1006.0,8259.0,9084.0,825.0
dia 18 - Soja Saudavel Vaso 5,1782,1,2765.0,2945.0,180.0,34.4,38.1,3.700000000000003,93.52,93.55,0.030000000000001137,11131.0,11887.0,756.0,17671.0,18638.0,967.0,357.0,385.0,28.0,3393.0,3745.0,352.0,20326.0,21333.0,1007.0,8381.0,9084.0,703.0
dia 19 - Soja Heterodera Vaso 1,1261,0,2283.0,2433.0,150.0,34.0,36.6,2.6000000000000014,93.71,93.73,0.020000000000010232,10056.0,17192.0,7136.0,11318.0,18021.0,6703.0,103.0,7777.0,7674.0,2530.0,12078.0,9548.0,10244.0,20308.0,10064.0,2848.0,7778.0,4930.0
dia 19 - Soja Heterodera Vaso 6,1205,0,2728.0,2893.0,165.0,29.3,32.9,3.599999999999998,93.65,93.68,0.030000000000001137,16905.0,17625.0,720.0,12225.0,12561.0,336.0,8111.0,8661.0,550.0,4637.0,5513.0,876.0,10692.0,11008.0,316.0,8118.0,8663.0,545.0
dia 19 - Soja Heterodera Vaso 7,1335,0,2786.0,2955.0,169.0,30.4,34.5,4.100000000000001,93.68,93.7,0.01999999999999602,10126.0,10893.0,767.0,17224.0,18188.0,964.0,151.0,178.0,27.0,3417.0,3769.0,352.0,19528.0,20620.0,1092.0,7515.0,8118.0,603.0
dia 19 - Soja Heterodera Vaso 8,1322,0,2737.0,2909.0,172.0,33.0,35.4,2.3999999999999986,93.69,93.72,0.030000000000001137,9888.0,16145.0,6257.0,11572.0,18170.0,6598.0,132.0,7329.0,7197.0,3015.0,8855.0,5840.0,10311.0,20552.0,10241.0,4793.0,7932.0,3139.0
dia 19 - Soja Heterodera Vaso 9,1322,0,2737.0,2909.0,172.0,33.0,35.4,2.3999999999999986,93.69,93.72,0.030000000000001137,9888.0,16145.0,6257.0,11572.0,18170.0,6598.0,132.0,7329.0,7197.0,3015.0,8855.0,5840.0,10311.0,20552.0,10241.0,4793.0,7932.0,3139.0
dia 19 - Soja Saudavel Vaso 1,1271,1,2033.0,2306.0,273.0,28.4,33.4,5.0,93.73,93.75,0.01999999999999602,10149.0,17602.0,7453.0,12979.0,17956.0,4977.0,90.0,8092.0,8002.0,2946.0,6012.0,3066.0,11934.0,20199.0,8265.0,7662.0,8330.0,668.0
dia 19 - Soja Saudavel Vaso 2,1221,1,2322.0,2533.0,211.0,32.8,36.3,3.5,93.72,93.75,0.030000000000001137,9269.0,10040.0,771.0,16831.0,17788.0,957.0,83.0,100.0,17.0,2840.0,2995.0,155.0,18932.0,20102.0,1170.0,6981.0,7490.0,509.0
dia 19 - Soja Saudavel Vaso 3,1233,1,2233.0,2380.0,147.0,34.1,37.9,3.799999999999997,93.71,93.74,0.030000000000001137,9871.0,10266.0,395.0,17242.0,18055.0,813.0,81.0,96.0,15.0,2595.0,2858.0,263.0,19513.0,20441.0,928.0,7414.0,7710.0,296.0
dia 19 - Soja Saudavel Vaso 4,1153,1,2274.0,2490.0,216.0,36.4,39.7,3.3000000000000043,93.71,93.74,0.030000000000001137,10062.0,10482.0,420.0,16929.0,18230.0,1301.0,77.0,90.0,13.0,2449.0,2662.0,213.0,19736.0,20588.0,852.0,7527.0,7819.0,292.0
dia 19 - Soja Saudavel Vaso 5,1172,1,2044.0,2227.0,183.0,37.9,40.8,2.8999999999999986,93.7,93.73,0.030000000000001137,9909.0,10283.0,374.0,17443.0,18300.0,857.0,73.0,87.0,14.0,2207.0,2381.0,174.0,19913.0,20731.0,818.0,7415.0,7822.0,407.0
