dataset,numero_coleta,condicao,Coleta,Dia,Vaso,Classe,sensor,linhas,min,media,mediana,max,desvio,range,maior_delta_entre_linhas,linha_maior_delta_relativa,tempo_maior_delta
antes_dia_20,13,Com nematoide,dia 19 - Soja Heterodera Vaso 6,19.0,6.0,0,Soil,1205,2728.0,2814.926970954357,2821.0,2893.0,27.54774733547414,165.0,102.0,263,141.36
antes_dia_20,13,Com nematoide,dia 19 - Soja Heterodera Vaso 6,19.0,6.0,0,Temp.,1205,29.3,31.31858921161826,31.5,32.9,1.026826062279232,3.599999999999998,0.1999999999999993,208,126.09
antes_dia_20,13,Com nematoide,dia 19 - Soja Heterodera Vaso 6,19.0,6.0,0,Pres.,1205,93.65,93.67011618257261,93.67,93.68,0.0070347815551115205,0.030000000000001137,0.020000000000010232,302,152.25
antes_dia_20,13,Com nematoide,dia 19 - Soja Heterodera Vaso 6,19.0,6.0,0,MQ2,1205,16905.0,17393.526970954357,17391.0,17625.0,120.46373702519942,720.0,420.0,273,144.08
antes_dia_20,13,Com nematoide,dia 19 - Soja Heterodera Vaso 6,19.0,6.0,0,MQ3,1205,12225.0,12428.787551867219,12440.0,12561.0,67.78723562259954,336.0,167.0,273,144.08
antes_dia_20,13,Com nematoide,dia 19 - Soja Heterodera Vaso 6,19.0,6.0,0,MQ7,1205,8111.0,8272.234024896266,8204.0,8661.0,124.81869244709318,550.0,136.0,273,144.08
antes_dia_20,13,Com nematoide,dia 19 - Soja Heterodera Vaso 6,19.0,6.0,0,MQ8,1205,4637.0,5134.336929460581,5194.0,5513.0,181.91663968117248,876.0,191.0,446,192.49
antes_dia_20,13,Com nematoide,dia 19 - Soja Heterodera Vaso 6,19.0,6.0,0,MQ135,1205,10692.0,10846.442323651452,10853.0,11008.0,45.2490087398426,316.0,200.0,273,144.08
antes_dia_20,13,Com nematoide,dia 19 - Soja Heterodera Vaso 6,19.0,6.0,0,MQ138,1205,8118.0,8272.85643153527,8205.0,8663.0,125.65637027588363,545.0,153.0,273,144.08
antes_dia_20,14,Com nematoide,dia 19 - Soja Heterodera Vaso 7,19.0,7.0,0,Soil,1512,2759.0,2863.4563492063494,2871.0,2955.0,29.191999110655615,196.0,99.0,1430,486.6
antes_dia_20,14,Com nematoide,dia 19 - Soja Heterodera Vaso 7,19.0,7.0,0,Temp.,1512,30.4,32.74854497354497,32.8,34.5,1.162489170460235,4.100000000000001,0.1999999999999993,166,133.28
antes_dia_20,14,Com nematoide,dia 19 - Soja Heterodera Vaso 7,19.0,7.0,0,Pres.,1512,82.54,93.23730820105821,93.69,93.7,1.7576057552776112,11.159999999999997,0.9199999999999875,229,150.83
antes_dia_20,14,Com nematoide,dia 19 - Soja Heterodera Vaso 7,19.0,7.0,0,MQ2,1512,10061.0,10572.22619047619,10561.0,16768.0,408.66670965265854,6707.0,6321.0,172,134.82
antes_dia_20,14,Com nematoide,dia 19 - Soja Heterodera Vaso 7,19.0,7.0,0,MQ3,1512,12102.0,17777.399470899472,17881.0,18188.0,433.1908213515465,6086.0,5238.0,172,134.82
antes_dia_20,14,Com nematoide,dia 19 - Soja Heterodera Vaso 7,19.0,7.0,0,MQ7,1512,147.0,192.8445767195767,163.0,7802.0,470.0110426315376,7655.0,7650.0,172,134.82
antes_dia_20,14,Com nematoide,dia 19 - Soja Heterodera Vaso 7,19.0,7.0,0,MQ8,1512,3324.0,3634.128306878307,3685.0,8167.0,225.00107964806872,4843.0,4780.0,179,136.84
antes_dia_20,14,Com nematoide,dia 19 - Soja Heterodera Vaso 7,19.0,7.0,0,MQ135,1512,10702.0,20113.005952380954,20259.0,20620.0,671.8805886795365,9918.0,9019.0,178,136.58
antes_dia_20,14,Com nematoide,dia 19 - Soja Heterodera Vaso 7,19.0,7.0,0,MQ138,1512,7224.0,7875.041666666667,7910.0,8118.0,130.34450705543173,894.0,562.0,178,136.58
antes_dia_20,15,Com nematoide,dia 19 - Soja Heterodera Vaso 8,19.0,8.0,0,Soil,1513,2737.0,2830.230667547918,2837.0,2912.0,29.003426373778055,175.0,91.0,479,221.11
antes_dia_20,15,Com nematoide,dia 19 - Soja Heterodera Vaso 8,19.0,8.0,0,Temp.,1513,32.4,34.12148050231329,34.2,35.4,0.8521261471662535,3.0,0.10000000000000142,3,89.03
antes_dia_20,15,Com nematoide,dia 19 - Soja Heterodera Vaso 8,19.0,8.0,0,Pres.,1513,82.98,93.10975545274292,93.71,93.72,1.8740659771517993,10.739999999999995,0.9399999999999977,145,127.78
antes_dia_20,15,Com nematoide,dia 19 - Soja Heterodera Vaso 8,19.0,8.0,0,MQ2,1513,9724.0,11125.816259087906,10413.0,16671.0,1951.4051237397348,6947.0,6255.0,237,153.36
antes_dia_20,15,Com nematoide,dia 19 - Soja Heterodera Vaso 8,19.0,8.0,0,MQ3,1513,11292.0,16987.93390614673,17798.0,18170.0,2085.4755556581717,6878.0,5924.0,100,115.22
antes_dia_20,15,Com nematoide,dia 19 - Soja Heterodera Vaso 8,19.0,8.0,0,MQ7,1513,128.0,1093.9306014540648,143.0,7951.0,2473.1686639918084,7823.0,7193.0,238,153.67
antes_dia_20,15,Com nematoide,dia 19 - Soja Heterodera Vaso 8,19.0,8.0,0,MQ8,1513,2911.0,3276.748182419035,3201.0,8855.0,409.67365791616527,5944.0,5840.0,239,153.93
antes_dia_20,15,Com nematoide,dia 19 - Soja Heterodera Vaso 8,19.0,8.0,0,MQ135,1513,10029.0,18899.959682749504,20233.0,20552.0,3308.768496683212,10523.0,9547.0,100,115.22
antes_dia_20,15,Com nematoide,dia 19 - Soja Heterodera Vaso 8,19.0,8.0,0,MQ138,1513,4793.0,7655.113020489094,7707.0,7951.0,202.79808173000706,3158.0,2531.0,237,153.36
antes_dia_20,16,Com nematoide,dia 19 - Soja Heterodera Vaso 9,19.0,9.0,0,Soil,1513,2737.0,2830.230667547918,2837.0,2912.0,29.003426373778055,175.0,91.0,479,221.11
antes_dia_20,16,Com nematoide,dia 19 - Soja Heterodera Vaso 9,19.0,9.0,0,Temp.,1513,32.4,34.12148050231329,34.2,35.4,0.8521261471662535,3.0,0.10000000000000142,3,89.03
antes_dia_20,16,Com nematoide,dia 19 - Soja Heterodera Vaso 9,19.0,9.0,0,Pres.,1513,82.98,93.10975545274292,93.71,93.72,1.8740659771517993,10.739999999999995,0.9399999999999977,145,127.78
antes_dia_20,16,Com nematoide,dia 19 - Soja Heterodera Vaso 9,19.0,9.0,0,MQ2,1513,9724.0,11125.816259087906,10413.0,16671.0,1951.4051237397348,6947.0,6255.0,237,153.36
antes_dia_20,16,Com nematoide,dia 19 - Soja Heterodera Vaso 9,19.0,9.0,0,MQ3,1513,11292.0,16987.93390614673,17798.0,18170.0,2085.4755556581717,6878.0,5924.0,100,115.22
antes_dia_20,16,Com nematoide,dia 19 - Soja Heterodera Vaso 9,19.0,9.0,0,MQ7,1513,128.0,1093.9306014540648,143.0,7951.0,2473.1686639918084,7823.0,7193.0,238,153.67
antes_dia_20,16,Com nematoide,dia 19 - Soja Heterodera Vaso 9,19.0,9.0,0,MQ8,1513,2911.0,3276.748182419035,3201.0,8855.0,409.67365791616527,5944.0,5840.0,239,153.93
antes_dia_20,16,Com nematoide,dia 19 - Soja Heterodera Vaso 9,19.0,9.0,0,MQ135,1513,10029.0,18899.959682749504,20233.0,20552.0,3308.768496683212,10523.0,9547.0,100,115.22
antes_dia_20,16,Com nematoide,dia 19 - Soja Heterodera Vaso 9,19.0,9.0,0,MQ138,1513,4793.0,7655.113020489094,7707.0,7951.0,202.79808173000706,3158.0,2531.0,237,153.36
antes_dia_20,17,Com nematoide,dia 19 - Soja Heterodera Vaso 1,19.0,1.0,0,Soil,1325,2283.0,2358.8543396226414,2364.0,2437.0,25.77515618565954,154.0,92.0,934,360.09
antes_dia_20,17,Com nematoide,dia 19 - Soja Heterodera Vaso 1,19.0,1.0,0,Temp.,1325,33.9,35.360679245283016,35.4,36.6,0.7835937568278674,2.700000000000003,0.10000000000000142,25,90.74
antes_dia_20,17,Com nematoide,dia 19 - Soja Heterodera Vaso 1,19.0,1.0,0,Pres.,1325,81.47,93.53177358490566,93.72,93.73,1.327215110182779,12.260000000000005,1.1700000000000017,4,84.56
antes_dia_20,17,Com nematoide,dia 19 - Soja Heterodera Vaso 1,19.0,1.0,0,MQ2,1325,9759.0,16138.614339622642,16914.0,17192.0,1861.1874125239035,7433.0,6648.0,749,305.27
antes_dia_20,17,Com nematoide,dia 19 - Soja Heterodera Vaso 1,19.0,1.0,0,MQ3,1325,10794.0,13006.098867924527,12004.0,18021.0,2125.814002624052,7227.0,6264.0,21,89.66
antes_dia_20,17,Com nematoide,dia 19 - Soja Heterodera Vaso 1,19.0,1.0,0,MQ7,1325,101.0,6758.461886792453,7604.0,7777.0,1950.771805840756,7676.0,7653.0,1280,463.12
antes_dia_20,17,Com nematoide,dia 19 - Soja Heterodera Vaso 1,19.0,1.0,0,MQ8,1325,2530.0,4180.922264150943,3511.0,12679.0,1772.6571813588967,10149.0,10034.0,55,99.59
antes_dia_20,17,Com nematoide,dia 19 - Soja Heterodera Vaso 1,19.0,1.0,0,MQ135,1325,9766.0,12285.757735849056,10819.0,20308.0,3250.5722497865636,10542.0,9589.0,21,89.66
antes_dia_20,17,Com nematoide,dia 19 - Soja Heterodera Vaso 1,19.0,1.0,0,MQ138,1325,2776.0,7153.843018867925,7493.0,7778.0,842.2333967931093,5002.0,4546.0,54,99.28
antes_dia_20,28,Sem nematoide,dia 13 - Soja Saudavel Vaso 1,13.0,1.0,1,Soil,2233,228.0,510.9628302731751,445.0,953.0,168.31741369802808,725.0,613.0,1149,432.03
antes_dia_20,28,Sem nematoide,dia 13 - Soja Saudavel Vaso 1,13.0,1.0,1,Temp.,2233,34.8,38.83439319301388,39.1,41.7,1.930541017776015,6.900000000000006,0.10000000000000142,13,129.59
antes_dia_20,28,Sem nematoide,dia 13 - Soja Saudavel Vaso 1,13.0,1.0,1,Pres.,2233,76.04,93.39390953873712,93.57,93.59,1.453820509023811,17.549999999999997,2.1400000000000006,681,307.29
antes_dia_20,28,Sem nematoide,dia 13 - Soja Saudavel Vaso 1,13.0,1.0,1,MQ2,2233,11842.0,20119.076130765785,20419.0,20646.0,1452.4789273941603,8804.0,6372.0,653,300.12
antes_dia_20,28,Sem nematoide,dia 13 - Soja Saudavel Vaso 1,13.0,1.0,1,MQ3,2233,6324.0,7252.94670846395,7245.0,7467.0,173.12842864157545,1143.0,603.0,653,300.12
antes_dia_20,28,Sem nematoide,dia 13 - Soja Saudavel Vaso 1,13.0,1.0,1,MQ7,2233,11433.0,20116.07881773399,20420.0,20631.0,1448.9885920950312,9198.0,6448.0,653,300.12
antes_dia_20,28,Sem nematoide,dia 13 - Soja Saudavel Vaso 1,13.0,1.0,1,MQ8,2233,7541.0,8440.31079265562,8260.0,16359.0,1131.9062628032639,8818.0,7061.0,754,327.18
antes_dia_20,28,Sem nematoide,dia 13 - Soja Saudavel Vaso 1,13.0,1.0,1,MQ135,2233,6253.0,6475.874160322436,6479.0,6724.0,108.95397000669504,471.0,116.0,1454,512.65
antes_dia_20,28,Sem nematoide,dia 13 - Soja Saudavel Vaso 1,13.0,1.0,1,MQ138,2233,16399.0,20293.078369905958,20419.0,20649.0,640.6738056975788,4250.0,3021.0,748,325.47
dia_20_mais,13,Sem nematoide,Página12,20.0,,1,Soil,1412,2338.0,2424.1983002832862,2427.5,2480.0,21.216284812897815,142.0,94.0,105,88.93
dia_20_mais,13,Sem nematoide,Página12,20.0,,1,Temp.,1412,35.9,37.14447592067989,36.9,38.9,0.7387554958328075,3.0,0.10000000000000142,1,66.31
dia_20_mais,13,Sem nematoide,Página12,20.0,,1,Pres.,1412,93.61,93.62381019830029,93.62,93.64,0.005552477125437252,0.030000000000001137,0.01999999999999602,290,129.06
dia_20_mais,13,Sem nematoide,Página12,20.0,,1,MQ2,1412,4458.0,4572.492917847026,4559.0,4794.0,76.87869506969433,336.0,92.0,1365,363.7
dia_20_mais,13,Sem nematoide,Página12,20.0,,1,MQ3,1412,9571.0,9900.807365439094,9880.5,10311.0,172.80951771871233,740.0,152.0,56,78.21
dia_20_mais,13,Sem nematoide,Página12,20.0,,1,MQ7,1412,127.0,132.52832861189802,132.0,142.0,2.8506240200528716,15.0,3.0,162,101.31
dia_20_mais,13,Sem nematoide,Página12,20.0,,1,MQ8,1412,2681.0,2775.158640226629,2771.0,2863.0,24.509944821910427,182.0,103.0,313,133.91
dia_20_mais,13,Sem nematoide,Página12,20.0,,1,MQ135,1412,10032.0,10391.095609065156,10368.0,10833.0,150.64105419712678,801.0,147.0,250,120.18
dia_20_mais,13,Sem nematoide,Página12,20.0,,1,MQ138,1412,4535.0,4739.943342776204,4768.0,4848.0,83.67496201489581,313.0,65.0,250,120.18
dia_20_mais,14,Sem nematoide,dia 21 sem pressao - Soja Sauda,21.0,,1,Soil,1914,2400.0,2478.10710553814,2474.0,2566.0,29.14790090583278,166.0,120.0,222,140.09
dia_20_mais,14,Sem nematoide,dia 21 sem pressao - Soja Sauda,21.0,,1,Temp.,1914,22.9,27.98228840125392,28.2,32.1,2.6367769274206316,9.200000000000003,0.1999999999999993,46,100.9
dia_20_mais,14,Sem nematoide,dia 21 sem pressao - Soja Sauda,21.0,,1,Pres.,1914,93.87,93.8854022988506,93.89,93.9,0.005368794750717001,0.030000000000001137,0.01999999999999602,1688,468.25
dia_20_mais,14,Sem nematoide,dia 21 sem pressao - Soja Sauda,21.0,,1,MQ2,1914,3628.0,3763.3631138975966,3742.5,4184.0,118.81831627403291,556.0,77.0,133,120.18
dia_20_mais,14,Sem nematoide,dia 21 sem pressao - Soja Sauda,21.0,,1,MQ3,1914,8419.0,8698.83960292581,8675.0,9290.0,170.32180076869972,871.0,378.0,382,175.8
dia_20_mais,14,Sem nematoide,dia 21 sem pressao - Soja Sauda,21.0,,1,MQ7,1914,3627.0,3763.644723092999,3743.0,4185.0,118.80462820117518,558.0,77.0,133,120.18
dia_20_mais,14,Sem nematoide,dia 21 sem pressao - Soja Sauda,21.0,,1,MQ8,1914,3130.0,3366.4540229885056,3418.0,3633.0,95.84805248788484,503.0,186.0,881,287.51
dia_20_mais,14,Sem nematoide,dia 21 sem pressao - Soja Sauda,21.0,,1,MQ135,1914,8411.0,8698.93051201672,8675.0,9291.0,170.36399603145205,880.0,381.0,382,175.8
dia_20_mais,14,Sem nematoide,dia 21 sem pressao - Soja Sauda,21.0,,1,MQ138,1914,7019.0,8107.520376175548,8138.5,9048.0,681.1996849848701,2029.0,160.0,133,120.18
dia_20_mais,15,Sem nematoide,Página13,21.0,,1,Soil,1915,2428.0,2500.164490861619,2494.0,2597.0,30.091563381090335,169.0,80.0,1448,414.14
dia_20_mais,15,Sem nematoide,Página13,21.0,,1,Temp.,1915,26.5,30.133159268929504,30.3,33.2,1.8907275786335604,6.700000000000003,0.1999999999999993,135,121.04
dia_20_mais,15,Sem nematoide,Página13,21.0,,1,Pres.,1915,93.88,93.89046997389038,93.89,93.9,0.002852799638565712,0.020000000000010232,0.020000000000010232,1406,404.53
dia_20_mais,15,Sem nematoide,Página13,21.0,,1,MQ2,1915,3432.0,3735.502349869452,3674.0,4049.0,136.22518993084836,617.0,68.0,130,119.99
dia_20_mais,15,Sem nematoide,Página13,21.0,,1,MQ3,1915,7450.0,8066.322193211488,7978.0,8512.0,182.610997731722,1062.0,414.0,1478,421.12
dia_20_mais,15,Sem nematoide,Página13,21.0,,1,MQ7,1915,119.0,132.12062663185378,134.0,145.0,5.709674609129016,26.0,7.0,1643,458.03
dia_20_mais,15,Sem nematoide,Página13,21.0,,1,MQ8,1915,3358.0,3580.0026109660575,3602.0,3729.0,76.02057614461378,371.0,93.0,1641,457.45
dia_20_mais,15,Sem nematoide,Página13,21.0,,1,MQ135,1915,8464.0,8867.70548302872,8755.0,9475.0,238.67719079690522,1011.0,369.0,1478,421.12
dia_20_mais,15,Sem nematoide,Página13,21.0,,1,MQ138,1915,3690.0,3983.0825065274153,3896.0,4293.0,135.04928270303517,603.0,70.0,130,119.99
dia_20_mais,16,Sem nematoide,Página14,21.0,,1,Soil,1945,2431.0,2523.5897172236505,2519.0,2611.0,31.79569711636261,180.0,96.0,30,98.88
dia_20_mais,16,Sem nematoide,Página14,21.0,,1,Temp.,1945,31.7,34.060102827763494,34.1,36.3,1.2510004184788195,4.599999999999998,0.10000000000000142,2,92.36
dia_20_mais,16,Sem nematoide,Página14,21.0,,1,Pres.,1945,93.9,93.91519280205658,93.92,93.93,0.005268153956119076,0.030000000000001137,0.020000000000010232,366,173.97
dia_20_mais,16,Sem nematoide,Página14,21.0,,1,MQ2,1945,3745.0,3943.012853470437,3869.0,9531.0,232.33130376952332,5786.0,5611.0,1415,408.12
dia_20_mais,16,Sem nematoide,Página14,21.0,,1,MQ3,1945,8058.0,8725.703856041131,8368.0,9726.0,613.3271627361192,1668.0,1093.0,1193,358.59
dia_20_mais,16,Sem nematoide,Página14,21.0,,1,MQ7,1945,109.0,1655.1383033419022,115.0,9525.0,1939.6886016302835,9416.0,5601.0,1415,408.12
dia_20_mais,16,Sem nematoide,Página14,21.0,,1,MQ8,1945,2940.0,3091.5933161953726,3126.0,3231.0,98.93001463059605,291.0,234.0,1186,357.11
dia_20_mais,16,Sem nematoide,Página14,21.0,,1,MQ135,1945,8724.0,9164.088431876608,9088.0,9730.0,287.16341971835504,1006.0,370.0,1193,358.59
dia_20_mais,16,Sem nematoide,Página14,21.0,,1,MQ138,1945,3896.0,7029.530077120822,4094.0,11881.0,3677.5114899185237,7985.0,7346.0,1194,358.79
dia_20_mais,17,Sem nematoide,Página15,21.0,,1,Soil,1502,2662.0,2737.082556591212,2738.0,2824.0,26.87655005191944,162.0,79.0,76,88.92
dia_20_mais,17,Sem nematoide,Página15,21.0,,1,Temp.,1502,32.0,34.16111850865513,34.2,36.1,1.171567824111197,4.100000000000001,0.10000000000000142,25,77.46
dia_20_mais,17,Sem nematoide,Página15,21.0,,1,Pres.,1502,93.9,93.90650466045271,93.91,93.93,0.006072483968153811,0.030000000000001137,0.020000000000010232,163,108.02
dia_20_mais,17,Sem nematoide,Página15,21.0,,1,MQ2,1502,3761.0,3965.90878828229,3916.0,4186.0,134.22264286410407,425.0,114.0,914,278.06
dia_20_mais,17,Sem nematoide,Página15,21.0,,1,MQ3,1502,7674.0,8638.193075898802,8441.5,10104.0,466.8899626041871,2430.0,1624.0,914,278.06
dia_20_mais,17,Sem nematoide,Página15,21.0,,1,MQ7,1502,99.0,105.05858854860186,104.0,112.0,3.7036133217967593,13.0,4.0,927,280.88
dia_20_mais,17,Sem nematoide,Página15,21.0,,1,MQ8,1502,2773.0,2865.285619174434,2876.0,2916.0,39.18242129013138,143.0,29.0,937,283.03
dia_20_mais,17,Sem nematoide,Página15,21.0,,1,MQ135,1502,8763.0,9460.632490013315,9168.5,11174.0,533.7269568297013,2411.0,1985.0,914,278.06
dia_20_mais,17,Sem nematoide,Página15,21.0,,1,MQ138,1502,4057.0,4224.9766977363515,4115.0,4454.0,131.96487779064668,397.0,77.0,216,120.08
