feature_set,modelo,fold,accuracy,balanced_accuracy,f1_macro
mq_originais,extra_trees,1,0.8890319811118266,0.8910008346761578,0.8882353808832354
mq_originais,extra_trees,2,0.8715132244544009,0.8473020286256687,0.8600273569433007
mq_originais,extra_trees,3,0.9036877357764262,0.8971386285150469,0.9011579640450822
mq_originais,extra_trees,4,0.9937450093159436,0.9942366646229307,0.9937056742644814
mq_originais,extra_trees,5,0.6998207290352566,0.7142734592571682,0.6952019841142922
mq_originais,extra_trees,media_oof,0.8702974905844019,0.8699493497163231,0.8691786978233014
mq_originais,random_forest,1,0.8835229305287258,0.8860560620072648,0.8827930082591978
mq_originais,random_forest,2,0.7699089463795347,0.7257932668498934,0.7303191890465264
mq_originais,random_forest,3,0.9088459465701748,0.902647590856767,0.9066072994473796
mq_originais,random_forest,4,0.8232632419483631,0.8233743088564062,0.8224192993605908
mq_originais,random_forest,5,0.7031405617156895,0.711959370879901,0.7023048240750337
mq_originais,random_forest,media_oof,0.814890045561621,0.8108924944545043,0.8120899223353388
mq_originais,logistic_scaled,1,0.6116477069471274,0.6154081065198966,0.6111073543458124
mq_originais,logistic_scaled,2,0.7424483306836248,0.73993930651907,0.7372739918328939
mq_originais,logistic_scaled,3,0.7079836784971899,0.6928124440874293,0.6826786700753769
mq_originais,logistic_scaled,4,0.7470721320202289,0.745189401511865,0.7452033942680627
mq_originais,logistic_scaled,5,0.5560719739725117,0.5530845773740263,0.553096129259258
mq_originais,logistic_scaled,media_oof,0.6717306363110603,0.6662264473656131,0.6667731190359734
somente_razoes,extra_trees,1,0.9579308864563211,0.9525613442580467,0.9568849190943944
somente_razoes,extra_trees,2,0.6133111721347015,0.5378257456803562,0.4573261069877823
somente_razoes,extra_trees,3,0.8324736315343753,0.8210820588718961,0.82301344944453
somente_razoes,extra_trees,4,0.9965397923875432,0.9968117719190681,0.9965164562422387
somente_razoes,extra_trees,5,0.7995485027554611,0.8135854951434414,0.7970954617465549
somente_razoes,extra_trees,media_oof,0.842212912417305,0.8333683691217915,0.8374193613384215
somente_razoes,random_forest,1,0.9544251269943479,0.9495966610132297,0.9533663906204533
somente_razoes,random_forest,2,0.5888856771209713,0.5087876176609663,0.40262435309248945
somente_razoes,random_forest,3,0.8252367387789669,0.8133530669297813,0.8147025674122497
somente_razoes,random_forest,4,0.9952089433058291,0.9955855303494788,0.9951776807611614
somente_razoes,random_forest,5,0.8073833078812828,0.820988952229313,0.8052781210239985
somente_razoes,random_forest,media_oof,0.8368104044122833,0.8273233005139276,0.8315099328905999
somente_razoes,logistic_scaled,1,0.9487014380768405,0.9455842656345566,0.9477459715981427
somente_razoes,logistic_scaled,2,0.5669171845642433,0.49051096279897627,0.39458174496559045
somente_razoes,logistic_scaled,3,0.8661944722457464,0.8573124287092405,0.8609567286454903
somente_razoes,logistic_scaled,4,0.8701091296247006,0.8797927503663514,0.869916698705626
somente_razoes,logistic_scaled,5,0.673527654206228,0.6962185188194465,0.6557344803374852
somente_razoes,logistic_scaled,media_oof,0.7839419970942124,0.7808747484756247,0.7812999530441688
mq_mais_razoes,extra_trees,1,0.9590756242398225,0.9538369980403345,0.9580714834582875
mq_mais_razoes,extra_trees,2,0.6201040612805319,0.5448705039769941,0.46709089668937326
mq_mais_razoes,extra_trees,3,0.8477172992532143,0.837362275941457,0.8402681654144717
mq_mais_razoes,extra_trees,4,0.9949427734894863,0.995340282035561,0.9949099933655501
mq_mais_razoes,extra_trees,5,0.7996812960626785,0.8137834125233577,0.7971937808565501
mq_mais_razoes,extra_trees,media_oof,0.8462471612147885,0.8378131938163506,0.8417731311299366
mq_mais_razoes,random_forest,1,0.9548544036631609,0.9500316016849197,0.9538056396883925
mq_mais_razoes,random_forest,2,0.585995085995086,0.5050538254325235,0.39414474462253885
mq_mais_razoes,random_forest,3,0.8707367772730772,0.8619470481828646,0.8657391950710345
mq_mais_razoes,random_forest,4,0.9883550705350014,0.9892703862660944,0.9882915385096036
mq_mais_razoes,random_forest,5,0.810636743908107,0.8239795785256971,0.8087062383949534
mq_mais_razoes,random_forest,media_oof,0.8439056042204449,0.8353417321977579,0.839306783260761
mq_mais_razoes,logistic_scaled,1,0.9493453530800601,0.9464269391989224,0.9484251176468503
mq_mais_razoes,logistic_scaled,2,0.5742881919352507,0.4960804430049844,0.39432646007629124
mq_mais_razoes,logistic_scaled,3,0.8806682577565632,0.8731444644186326,0.8769530550017115
mq_mais_razoes,logistic_scaled,4,0.869776417354272,0.8790973538213624,0.8696233043580754
mq_mais_razoes,logistic_scaled,5,0.6444459199256357,0.6567091320710139,0.6408259840630567
mq_mais_razoes,logistic_scaled,media_oof,0.7819107669304445,0.7761245708705751,0.7778022313598316
razoes_com_mq7,extra_trees,1,0.7289833297560278,0.7415880455553858,0.7288024157084483
razoes_com_mq7,extra_trees,2,0.6808787397022691,0.6646768522195792,0.6664091773793739
razoes_com_mq7,extra_trees,3,0.839479559627377,0.8285643808584114,0.8309846769023853
razoes_com_mq7,extra_trees,4,0.9347883949960074,0.9399141630901288,0.934762049169704
razoes_com_mq7,extra_trees,5,0.8347387291680499,0.8464218546790373,0.8337284380068976
razoes_com_mq7,extra_trees,media_oof,0.8059328847700055,0.8078147576300468,0.8051262689511111
razoes_com_mq7,random_forest,1,0.7083780496530013,0.7193376939910494,0.7083212761039783
razoes_com_mq7,random_forest,2,0.6623066917184565,0.6136756055072145,0.6014598292270243
razoes_com_mq7,random_forest,3,0.88020632843175,0.8720605163624404,0.8760337936847986
razoes_com_mq7,random_forest,4,0.8263907372903913,0.8400367872470877,0.8250264308676922
razoes_com_mq7,random_forest,5,0.9457539340017264,0.9490289402898449,0.9456866749851682
razoes_com_mq7,random_forest,media_oof,0.806313740425712,0.8049344210568916,0.8045162513097464
razoes_com_mq7,logistic_scaled,1,0.4953137296987909,0.504984241063536,0.49494237286218523
razoes_com_mq7,logistic_scaled,2,0.397456279809221,0.43130733164301804,0.3876859224578228
razoes_com_mq7,logistic_scaled,3,0.6450843021017785,0.6314141091977089,0.6204199138644728
razoes_com_mq7,logistic_scaled,4,0.5566276284269364,0.5806702633207916,0.5313371002046241
razoes_com_mq7,logistic_scaled,5,0.3744107296992232,0.3710952293277014,0.37123120425184153
razoes_com_mq7,logistic_scaled,media_oof,0.49096525750074055,0.497971435811074,0.4908104793374165
mq7_mais_razoes_mq7,extra_trees,1,0.7359948486799742,0.7496516615955571,0.7356870070568701
mq7_mais_razoes_mq7,extra_trees,2,0.6809510044804162,0.6634508628318513,0.6653808541886503
mq7_mais_razoes_mq7,extra_trees,3,0.8343983370544307,0.8231376418352245,0.8252104998023813
mq7_mais_razoes_mq7,extra_trees,4,0.9352541921746074,0.9403433476394849,0.9352268073546584
mq7_mais_razoes_mq7,extra_trees,5,0.8277670805391408,0.83988177810898,0.8265473043886377
mq7_mais_razoes_mq7,extra_trees,media_oof,0.8050160100433047,0.806930497821807,0.8042158985391508
mq7_mais_razoes_mq7,random_forest,1,0.7111683480002862,0.7218752783792487,0.7111304938297816
mq7_mais_razoes_mq7,random_forest,2,0.6773377655730597,0.6280664924732147,0.6169864595029687
mq7_mais_razoes_mq7,random_forest,3,0.8785125875741011,0.8702516033547114,0.8741997795177141
mq7_mais_razoes_mq7,random_forest,4,0.8217327655043918,0.8357449417535254,0.8201788362478892
mq7_mais_razoes_mq7,random_forest,5,0.9461523139233783,0.949397762517531,0.9460840267066672
mq7_mais_razoes_mq7,random_forest,media_oof,0.8085847685949248,0.807114200044474,0.8067664335523422
mq7_mais_razoes_mq7,logistic_scaled,1,0.8043929312441869,0.8195147240035843,0.8040950724451755
mq7_mais_razoes_mq7,logistic_scaled,2,0.5838994074288192,0.5788871470977562,0.5769944026584214
mq7_mais_razoes_mq7,logistic_scaled,3,0.8798213873277388,0.8789335668913596,0.8792312203008432
mq7_mais_razoes_mq7,logistic_scaled,4,0.6736092627096087,0.6749505591638363,0.6730364690092259
mq7_mais_razoes_mq7,logistic_scaled,5,0.3784609255693513,0.37521980516261666,0.37535511758074425
mq7_mais_razoes_mq7,logistic_scaled,media_oof,0.6569619003286643,0.6583440191174403,0.6559619437523188
