Classe,Sensor,Tempo_Normalizado,mean,std
0,MQ135,0,0.439360211875381,0.3177001547960214
0,MQ135,1,0.4522688433266908,0.31842734882958396
0,MQ135,2,0.4013297218948424,0.3109464487492645
0,MQ135,3,0.39381597201101404,0.32657139807177615
0,MQ135,4,0.4539274433441157,0.33009138725307
0,MQ135,5,0.46676534589813273,0.32312060189499753
0,MQ135,6,0.4173955959112985,0.315231502493622
0,MQ135,7,0.5411479196107414,0.2877201877562903
0,MQ135,8,0.5628097313341737,0.3040213477280365
0,MQ135,9,0.5433761947991891,0.28482771967330783
0,MQ135,10,0.42584510662403885,0.2865317454686557
0,MQ135,11,0.38469896232896333,0.30976270014169566
0,MQ135,12,0.41642844709455934,0.3095047616814729
0,MQ135,13,0.36817577564318005,0.31392595275785046
0,MQ135,14,0.3854407648557017,0.31377782432737616
0,MQ135,15,0.4017484199581129,0.31056775171503936
0,MQ135,16,0.5030220685359863,0.33231142365280564
0,MQ135,17,0.46891257455924285,0.3404286853609774
0,MQ135,18,0.4668911396248995,0.33881535725785894
0,MQ135,19,0.4824050631997152,0.3262954445414811
0,MQ135,20,0.5001821232294568,0.3367997725666397
0,MQ135,21,0.5005053644412206,0.3443795729479006
0,MQ135,22,0.5217934829845008,0.3175778009928794
0,MQ135,23,0.5823444588731039,0.3043639108277037
0,MQ135,24,0.6081514582387088,0.3065995782044145
0,MQ135,25,0.6421520689033132,0.30628732313484713
0,MQ135,26,0.6022884848441579,0.29923542004327636
0,MQ135,27,0.5687396579192762,0.3137054929573344
0,MQ135,28,0.5626920673843366,0.2817077322571948
0,MQ135,29,0.5462646338055104,0.24816856905763418
0,MQ135,30,0.5173857402834564,0.2562399806701287
0,MQ135,31,0.5049324612069559,0.2455940980117097
0,MQ135,32,0.5003073945074492,0.27633705350396814
0,MQ135,33,0.5216784255399441,0.271188485887998
0,MQ135,34,0.5488775892057969,0.23558428578714435
0,MQ135,35,0.5325887679593101,0.2618177254789453
0,MQ135,36,0.5429160246086276,0.24457467146688772
0,MQ135,37,0.5692106278406569,0.2282234197855043
0,MQ135,38,0.5631282911292418,0.25175240746075744
0,MQ135,39,0.5707963697431013,0.2563743692752229
0,MQ135,40,0.5648922329822806,0.25372197169273125
0,MQ135,41,0.6353225439105983,0.2379079313825198
0,MQ135,42,0.6404270164087074,0.23565133463789611
0,MQ135,43,0.6760972553819777,0.17577832844838545
0,MQ135,44,0.6592587548294062,0.22578212371143697
0,MQ135,45,0.6622353848198343,0.2207060677067068
0,MQ135,46,0.6803847602606646,0.2192791576262523
0,MQ135,47,0.6770091337910796,0.22537868056919663
0,MQ135,48,0.6707481349700767,0.2224263147820852
0,MQ135,49,0.6930273996321074,0.22568048252181067
0,MQ135,50,0.685960543199685,0.22390549490493325
0,MQ135,51,0.7093224027583391,0.2182674719428445
0,MQ135,52,0.6995824349878577,0.2328761239000828
0,MQ135,53,0.7292824966419835,0.20594848739954721
0,MQ135,54,0.703897467424266,0.2433816215318781
0,MQ135,55,0.71975949053445,0.2517999638349044
0,MQ135,56,0.7669603045453558,0.17224256394138523
0,MQ135,57,0.7418746724266231,0.21507681305613982
0,MQ135,58,0.7607022658401875,0.20152431285124134
0,MQ135,59,0.7612974566243167,0.19600985849228936
0,MQ135,60,0.7784427164052233,0.19931398180605783
0,MQ135,61,0.7644062144446503,0.21434360029244645
0,MQ135,62,0.7794178293079901,0.1871567034447344
0,MQ135,63,0.7993770319632453,0.1531695261605405
0,MQ135,64,0.7993920007104671,0.2006602872887961
0,MQ135,65,0.8091446383472708,0.2008878336262834
0,MQ135,66,0.8574979500523504,0.09343360496273247
0,MQ135,67,0.8133716288416001,0.20651030441608423
0,MQ135,68,0.8069585514334842,0.20829933671106543
0,MQ135,69,0.8597186444135158,0.07265209716736136
0,MQ135,70,0.8257118143242257,0.20573202295681853
0,MQ135,71,0.8140634780490054,0.21677901962217036
0,MQ135,72,0.8347251460521025,0.20735601883651195
0,MQ135,73,0.8209349922796876,0.23284514574239304
0,MQ135,74,0.832715603946308,0.21345229205808305
0,MQ135,75,0.8439359119857057,0.21559296457339225
0,MQ135,76,0.8463898697865654,0.21867575623557842
0,MQ135,77,0.8222631896777886,0.2350315327193494
0,MQ135,78,0.831376512985078,0.22986900660058765
0,MQ135,79,0.8484437716307094,0.2238515764736334
0,MQ135,80,0.857957107423404,0.21584965100814285
0,MQ135,81,0.8658407980489767,0.21431151351575622
0,MQ135,82,0.8574502987742968,0.2317572941243286
0,MQ135,83,0.8802466594735372,0.216296049571952
0,MQ135,84,0.8603309857334813,0.22216582161793977
0,MQ135,85,0.8850246092036581,0.2196295533363297
0,MQ135,86,0.8781123949573487,0.22128974204157714
0,MQ135,87,0.8657471733510061,0.2552444672325204
0,MQ135,88,0.8710955769083246,0.2525748956175672
0,MQ135,89,0.8673703058308809,0.24939131103851925
0,MQ135,90,0.890425094633037,0.23785340189703766
0,MQ135,91,0.8941940596991873,0.23457506963861946
0,MQ135,92,0.893917963374132,0.24326191232166658
0,MQ135,93,0.8863554778937095,0.23815457353146152
0,MQ135,94,0.8259979941578118,0.2611189859964098
0,MQ135,95,0.7626804058749039,0.27752093405624095
0,MQ135,96,0.7163104050660781,0.32914760672255056
0,MQ135,97,0.6707150458863925,0.3858434161900893
0,MQ135,98,0.641313985279966,0.4305136397694682
0,MQ135,99,0.5988481491296622,0.46051843946760984
0,MQ138,0,0.7070100097666491,0.3479646112421669
0,MQ138,1,0.6691051456051568,0.31742626443137906
0,MQ138,2,0.6350189631987148,0.2881919187462379
0,MQ138,3,0.6001235651457104,0.26084368692989907
0,MQ138,4,0.5352437930530262,0.2742426563896607
0,MQ138,5,0.5628428907614137,0.23216333488474009
0,MQ138,6,0.5448799329895152,0.23245045795140645
0,MQ138,7,0.5114367332486754,0.2123945971894547
0,MQ138,8,0.5062107115909559,0.2143608077760868
0,MQ138,9,0.47198865157484476,0.17627833118238886
0,MQ138,10,0.43613225119552373,0.2227596385533321
0,MQ138,11,0.45363630284512085,0.28305920494761455
0,MQ138,12,0.3999627346782143,0.2953780252487596
0,MQ138,13,0.38674498132738416,0.3035322939984674
0,MQ138,14,0.38274543916410914,0.29298306368490157
0,MQ138,15,0.3352487119712513,0.22304850063710774
0,MQ138,16,0.3225949722527474,0.2344817554500278
0,MQ138,17,0.3444871896683739,0.28279238989862404
0,MQ138,18,0.35195226752422204,0.2822239580784777
0,MQ138,19,0.3456851724270548,0.2654048416640919
0,MQ138,20,0.35310507193000523,0.2625082422020207
0,MQ138,21,0.35895047006973424,0.25511852275205393
0,MQ138,22,0.36285567341584646,0.26527338336106887
0,MQ138,23,0.3990803383078636,0.23014954006181382
0,MQ138,24,0.4573049701360028,0.2540034485913904
0,MQ138,25,0.41099593646731375,0.21433528629667753
0,MQ138,26,0.4544692334753304,0.26194121966011735
0,MQ138,27,0.43940990417810943,0.23594299368345484
0,MQ138,28,0.41350181074398457,0.2182247387455127
0,MQ138,29,0.37671651125013517,0.19377676731596488
0,MQ138,30,0.382582445938982,0.1921238391862599
0,MQ138,31,0.3962221096651361,0.1792968188032466
0,MQ138,32,0.37352619328653125,0.1723237114008861
0,MQ138,33,0.3717233256990161,0.1689860385472324
0,MQ138,34,0.3383177579907353,0.1389735792548948
0,MQ138,35,0.36599993110666384,0.20924620542593197
0,MQ138,36,0.378811427430571,0.19620885873115226
0,MQ138,37,0.3710381665990426,0.16275905692137116
0,MQ138,38,0.4045494278584722,0.213785350817429
0,MQ138,39,0.4280652141589839,0.256306807345433
0,MQ138,40,0.43605669163772776,0.2405920616026344
0,MQ138,41,0.47587851317953633,0.2632227168690837
0,MQ138,42,0.47210494467796843,0.27403597302719623
0,MQ138,43,0.489224842685809,0.25242885969559276
0,MQ138,44,0.4998185633661921,0.27094726933315666
0,MQ138,45,0.5004639907998218,0.25693600184596915
0,MQ138,46,0.5046228418181975,0.2561658754845672
0,MQ138,47,0.4858221525923486,0.27400142576784614
0,MQ138,48,0.4969129370676274,0.25408368976934437
0,MQ138,49,0.4829441181375298,0.26909059406888813
0,MQ138,50,0.5163235811002661,0.2453236449857308
0,MQ138,51,0.5215478286548747,0.24180619288360858
0,MQ138,52,0.5180186504443421,0.24390869962131817
0,MQ138,53,0.5228816594674607,0.2426321696093849
0,MQ138,54,0.5394227602953348,0.2455014616462853
0,MQ138,55,0.5360055021526371,0.23019958281622344
0,MQ138,56,0.5283957867755058,0.2212906848126357
0,MQ138,57,0.5465207650907895,0.22634501066665433
0,MQ138,58,0.5443267457438924,0.22979129555657718
0,MQ138,59,0.5294853108857145,0.22566635241845093
0,MQ138,60,0.5558173376729055,0.24349780704636007
0,MQ138,61,0.5581193454133482,0.23243698224081072
0,MQ138,62,0.5712919541361292,0.24830784595326716
0,MQ138,63,0.5672081039609482,0.23344109574646849
0,MQ138,64,0.5705915419844405,0.23115761715641556
0,MQ138,65,0.5904200491877752,0.23887438793295457
0,MQ138,66,0.5555241381535277,0.21463802715239924
0,MQ138,67,0.5878174648400771,0.23865730955624243
0,MQ138,68,0.5818092463002414,0.24153252730435748
0,MQ138,69,0.5597388541845305,0.23077967790902273
0,MQ138,70,0.5774228279948502,0.25741889465774037
0,MQ138,71,0.5896694320272025,0.2606978321837236
0,MQ138,72,0.6072957150375189,0.2587518966260226
0,MQ138,73,0.6024558523873845,0.25849518878708583
0,MQ138,74,0.6173481962044572,0.250729577848377
0,MQ138,75,0.6193847646264239,0.2417277723598487
0,MQ138,76,0.6201466878184877,0.24396616915434735
0,MQ138,77,0.6187434488667095,0.23792403413635452
0,MQ138,78,0.6222330832564927,0.24469608203051255
0,MQ138,79,0.6376977112545859,0.22960021383788276
0,MQ138,80,0.6454118172245299,0.22690637067901193
0,MQ138,81,0.6595062231105455,0.23666264889066282
0,MQ138,82,0.6682168620122595,0.23937029017240385
0,MQ138,83,0.6750286803954016,0.25381442999566267
0,MQ138,84,0.6854199949837216,0.24460579306882152
0,MQ138,85,0.6877418221681053,0.23957266555967646
0,MQ138,86,0.6828155424205894,0.2369967341354466
0,MQ138,87,0.7092914455343189,0.24491910049128865
0,MQ138,88,0.7533410671494443,0.24094852179507759
0,MQ138,89,0.765004963387789,0.25840332838071495
0,MQ138,90,0.7868114185219244,0.25201242526621287
0,MQ138,91,0.7931905034704014,0.24134501479448744
0,MQ138,92,0.8013458455618291,0.24670708748149167
0,MQ138,93,0.7974378711889429,0.23642968370528944
0,MQ138,94,0.7545391927438329,0.22822603971707398
0,MQ138,95,0.704887587203236,0.2618071892353755
0,MQ138,96,0.6557805875661122,0.28453461582564216
0,MQ138,97,0.6277659226458066,0.3478529218870944
0,MQ138,98,0.5979715723016578,0.38403385331683687
0,MQ138,99,0.5675166929144045,0.40071169125280853
0,MQ2,0,0.3927347204581574,0.30290148896134816
0,MQ2,1,0.39365125834776776,0.3063319423379121
0,MQ2,2,0.4373194403259878,0.297985179103633
0,MQ2,3,0.4361429141995451,0.29762199335831074
0,MQ2,4,0.3935099161101717,0.27736177576796367
0,MQ2,5,0.3742200421122059,0.28157211437835267
0,MQ2,6,0.4489436182998395,0.27764223887056083
0,MQ2,7,0.32195033986324845,0.2392784799551672
0,MQ2,8,0.308892031152161,0.2003961114457295
0,MQ2,9,0.299272743116103,0.21544938547558826
0,MQ2,10,0.4335178087037639,0.27237555576802036
0,MQ2,11,0.43052576309797297,0.2767775843398233
0,MQ2,12,0.409281712712069,0.25317542261648496
0,MQ2,13,0.4247538547144115,0.3067477390068675
0,MQ2,14,0.4387966213181728,0.2855073523708124
0,MQ2,15,0.43389903784180833,0.28062786681002044
0,MQ2,16,0.3270630101291924,0.2326563169736466
0,MQ2,17,0.3412907263944601,0.24944012072621624
0,MQ2,18,0.35757425103144297,0.24690204941163116
0,MQ2,19,0.3682702985510198,0.22965586335512367
0,MQ2,20,0.40964368911432913,0.2772734048819176
0,MQ2,21,0.40661299146294194,0.26271442038826726
0,MQ2,22,0.41958137874482276,0.24730946483301322
0,MQ2,23,0.4579553174646134,0.27061005877860694
0,MQ2,24,0.4813667652478325,0.2805772827577569
0,MQ2,25,0.42113478331072696,0.24065434993822948
0,MQ2,26,0.41750199939238103,0.2479309464599601
0,MQ2,27,0.4063078362406074,0.2517574987137943
0,MQ2,28,0.38624507666442714,0.24753819938810415
0,MQ2,29,0.35389469449821254,0.24136800599535987
0,MQ2,30,0.3416284043800705,0.2603164080879126
0,MQ2,31,0.3590865303586659,0.270206313668919
0,MQ2,32,0.338940850681376,0.28058102319306316
0,MQ2,33,0.3503337292130096,0.2808085041801053
0,MQ2,34,0.32082393786013325,0.24794436290088695
0,MQ2,35,0.3619081231951071,0.2833652086135414
0,MQ2,36,0.3608465733641495,0.2877554985281408
0,MQ2,37,0.3695403313613558,0.2688472514317148
0,MQ2,38,0.3674396347084153,0.28047066269713505
0,MQ2,39,0.3733119652613673,0.27782196725327224
0,MQ2,40,0.3987015797207745,0.27119345810779544
0,MQ2,41,0.4479095445824033,0.331857537770523
0,MQ2,42,0.43804571439074624,0.29969467941907935
0,MQ2,43,0.42461449017313274,0.2790089993625636
0,MQ2,44,0.43727844108699404,0.2829341012079386
0,MQ2,45,0.4179361567031214,0.2698348767921859
0,MQ2,46,0.41358773979330565,0.2615632562283268
0,MQ2,47,0.44636330749672254,0.28366405096770864
0,MQ2,48,0.43758295359054195,0.2910937401993284
0,MQ2,49,0.433533376656992,0.28457547712563164
0,MQ2,50,0.4453696788190817,0.28501203493308114
0,MQ2,51,0.44036118459881674,0.26595852547565013
0,MQ2,52,0.45997553750093445,0.28850052546730753
0,MQ2,53,0.4689490972628735,0.287588795174932
0,MQ2,54,0.4757166732038649,0.2753099137601851
0,MQ2,55,0.475925821764059,0.2859817310880893
0,MQ2,56,0.43103571067693175,0.26229218721875347
0,MQ2,57,0.5041892313500979,0.2845438799520809
0,MQ2,58,0.506288852406607,0.2874829151244555
0,MQ2,59,0.5182945900409808,0.2941238111924398
0,MQ2,60,0.5028041730420223,0.27924352931755236
0,MQ2,61,0.5260862161204605,0.2928622584303926
0,MQ2,62,0.5226910934434724,0.28768512025199483
0,MQ2,63,0.5321334380181968,0.29428074303914625
0,MQ2,64,0.5383158423086338,0.2915717099726962
0,MQ2,65,0.5696283463325035,0.2996144572037531
0,MQ2,66,0.5094897414151993,0.29523083981689513
0,MQ2,67,0.5612045111279225,0.29574549634626995
0,MQ2,68,0.5640290897708075,0.3004309921868988
0,MQ2,69,0.5214782140757174,0.304533728756844
0,MQ2,70,0.5825979646801421,0.3121246927144924
0,MQ2,71,0.5857547205904505,0.3081440536205973
0,MQ2,72,0.592562969727353,0.30724697783523486
0,MQ2,73,0.5980312721190008,0.31808960701091815
0,MQ2,74,0.6119125025844203,0.3212216548370641
0,MQ2,75,0.61487467482661,0.3167738824162838
0,MQ2,76,0.6230157661406096,0.32390409408093396
0,MQ2,77,0.6426734671516103,0.32047032778095863
0,MQ2,78,0.6513386777238963,0.32238413471065175
0,MQ2,79,0.6611286178296824,0.3198802332058781
0,MQ2,80,0.6656567101364116,0.3189684332009611
0,MQ2,81,0.6800453410891939,0.3264215177039977
0,MQ2,82,0.681466630503898,0.3254778322474392
0,MQ2,83,0.68779799241228,0.32136845739232145
0,MQ2,84,0.6910064109236824,0.3173210436296935
0,MQ2,85,0.687045943442605,0.3124485036865642
0,MQ2,86,0.6810376047534578,0.3169442780834987
0,MQ2,87,0.681354604492628,0.3085564407526598
0,MQ2,88,0.6913530928343754,0.3076368506778323
0,MQ2,89,0.6724752364526381,0.2987830339589519
0,MQ2,90,0.6740435231444368,0.324946515508198
0,MQ2,91,0.6934806380462424,0.3040690456077035
0,MQ2,92,0.7060094585541433,0.3070375843399266
0,MQ2,93,0.6866118380397842,0.2894344320690447
0,MQ2,94,0.6432537433711669,0.2778768508209982
0,MQ2,95,0.5963282494839811,0.2969178197930007
0,MQ2,96,0.5459256370658969,0.3439708569580465
0,MQ2,97,0.5157234758578229,0.3767132062852996
0,MQ2,98,0.5007959283153416,0.40873339104009143
0,MQ2,99,0.4870128885808034,0.43119646325372835
0,MQ3,0,0.30116701120727124,0.27280935592958006
0,MQ3,1,0.32519760003746206,0.2699087876558113
0,MQ3,2,0.27352309008801035,0.24413702123122077
0,MQ3,3,0.28633956865756266,0.2365174652916866
0,MQ3,4,0.3408158392959789,0.26216530142075145
0,MQ3,5,0.3493598185318296,0.2686020775258719
0,MQ3,6,0.3324075948230795,0.24303998448482642
0,MQ3,7,0.45490237180275683,0.2546627374106752
0,MQ3,8,0.468253310360146,0.282093292703369
0,MQ3,9,0.4496967403310935,0.26194720443770375
0,MQ3,10,0.3242642729698357,0.22196015855447668
0,MQ3,11,0.328827674880307,0.2200770614247492
0,MQ3,12,0.33480825414010584,0.2695060821031288
0,MQ3,13,0.28880468897175604,0.26129528203735713
0,MQ3,14,0.2919854613163731,0.2561978456828701
0,MQ3,15,0.3231583058233538,0.25236268750351304
0,MQ3,16,0.46754151282418244,0.28655590827267013
0,MQ3,17,0.4194694111180865,0.2959839693516136
0,MQ3,18,0.4145461204873518,0.3106041777103858
0,MQ3,19,0.42921599466151783,0.29479257916002055
0,MQ3,20,0.4900027109570781,0.3273615914454803
0,MQ3,21,0.5055047835175303,0.3003103186380449
0,MQ3,22,0.5137366471468008,0.3002621822526431
0,MQ3,23,0.570569852861768,0.2814634865597254
0,MQ3,24,0.61964705550752,0.2584455522033504
0,MQ3,25,0.6330939033394807,0.2474618372556714
0,MQ3,26,0.5794764451364088,0.22298297838716596
0,MQ3,27,0.535930693558805,0.23081275511144064
0,MQ3,28,0.5335429012094102,0.2217466926795513
0,MQ3,29,0.5307524752897271,0.1897216157714219
0,MQ3,30,0.4558606656419652,0.21596516908777177
0,MQ3,31,0.48185068718110413,0.217762302866137
0,MQ3,32,0.45915183020531786,0.23535241287582145
0,MQ3,33,0.467043101207928,0.22777196083868773
0,MQ3,34,0.513316315212953,0.20961044956339414
0,MQ3,35,0.47050542685256985,0.21750122670758534
0,MQ3,36,0.49207048565373024,0.22182959659713836
0,MQ3,37,0.5314761464415977,0.19989285916333208
0,MQ3,38,0.5125414991721072,0.2410379708659956
0,MQ3,39,0.5357240332414174,0.23554346167171553
0,MQ3,40,0.5461384258739519,0.23788181517435306
0,MQ3,41,0.6104603375399066,0.22749425691983152
0,MQ3,42,0.6095155278208153,0.2206092994478403
0,MQ3,43,0.6320316107139885,0.16952314360990559
0,MQ3,44,0.6152218948254068,0.21318752247758108
0,MQ3,45,0.6097008949480629,0.2116065651873983
0,MQ3,46,0.6085308235192127,0.2009890019642346
0,MQ3,47,0.6296961848901551,0.2019067548861847
0,MQ3,48,0.61938663118358,0.21525035195329575
0,MQ3,49,0.6419677151447603,0.20665684287174504
0,MQ3,50,0.6523676719019041,0.19183521819159607
0,MQ3,51,0.6712532229787165,0.14097695876947688
0,MQ3,52,0.6538624755068383,0.18764804713689467
0,MQ3,53,0.6819889152917036,0.19034238363997882
0,MQ3,54,0.6267904662973218,0.2006936122586223
0,MQ3,55,0.6798585355597716,0.1823849850942323
0,MQ3,56,0.6913098136532206,0.17683878225567784
0,MQ3,57,0.6729577707504827,0.21197850321317704
0,MQ3,58,0.7250098638449587,0.18727648997901394
0,MQ3,59,0.7434526405946594,0.19228300224892356
0,MQ3,60,0.7282430005718723,0.1992756427418628
0,MQ3,61,0.7469582496333518,0.1871072847627836
0,MQ3,62,0.7708174681604577,0.13015102602949394
0,MQ3,63,0.7558321726813865,0.18575668327897585
0,MQ3,64,0.7634926417716368,0.1945697096820509
0,MQ3,65,0.7555596556002401,0.1998275446391546
0,MQ3,66,0.8174052061251225,0.10831016185833466
0,MQ3,67,0.7715061096663675,0.19814993888685137
0,MQ3,68,0.7772506653118968,0.20135597959025953
0,MQ3,69,0.81750810711463,0.10586127899943654
0,MQ3,70,0.7946574197539462,0.1933537130058532
0,MQ3,71,0.7918614140232434,0.1958580114773395
0,MQ3,72,0.7998151522468385,0.19968741404528192
0,MQ3,73,0.8185021653149578,0.1955861225209287
0,MQ3,74,0.8141416319970183,0.19940074527470597
0,MQ3,75,0.8147805405292037,0.19032487864359451
0,MQ3,76,0.8121235222426123,0.19628031316594016
0,MQ3,77,0.8263064377809172,0.19505697600012675
0,MQ3,78,0.8516622084313064,0.19531268987698377
0,MQ3,79,0.8126901840303752,0.2128905192646412
0,MQ3,80,0.8250118999285662,0.20225003381639148
0,MQ3,81,0.8226464199248857,0.21208414084976457
0,MQ3,82,0.833604413358041,0.2028714299007611
0,MQ3,83,0.8411275710856786,0.19503631756857798
0,MQ3,84,0.865126697076937,0.19504893427772302
0,MQ3,85,0.8731182052334759,0.1859774108481209
0,MQ3,86,0.8685470527463847,0.19613984426728967
0,MQ3,87,0.8512853979750666,0.21276021305587403
0,MQ3,88,0.8696497174446433,0.19810578372856605
0,MQ3,89,0.9012972517452674,0.11606713372598142
0,MQ3,90,0.8408540692844767,0.22292229415597486
0,MQ3,91,0.8668110057801046,0.23583690031885188
0,MQ3,92,0.8792334736562782,0.21303123634620927
0,MQ3,93,0.874710303603509,0.20712740743884214
0,MQ3,94,0.8078366795459087,0.22673038596119313
0,MQ3,95,0.7678894060905491,0.2510982601739884
0,MQ3,96,0.7154619797683118,0.3087044840749271
0,MQ3,97,0.6546875066152812,0.3709409520953118
0,MQ3,98,0.636294798100384,0.4138467209237657
0,MQ3,99,0.6036961624278266,0.44750310622227885
0,MQ7,0,0.4918525791993767,0.4020606462635477
0,MQ7,1,0.4599449328997402,0.37845917016688846
0,MQ7,2,0.5241174048553539,0.36802301614308014
0,MQ7,3,0.5084617646237541,0.35879064824289825
0,MQ7,4,0.4528677559038667,0.3254522606009497
0,MQ7,5,0.4386851141335425,0.34511528350338944
0,MQ7,6,0.4936689072620797,0.34275292224467435
0,MQ7,7,0.36696204113118663,0.32140849314667136
0,MQ7,8,0.3260230182091356,0.3039036531430626
0,MQ7,9,0.3354605871949738,0.3023275150191084
0,MQ7,10,0.45573714497478174,0.35807151123903985
0,MQ7,11,0.4118628964862548,0.3519125846834612
0,MQ7,12,0.42463563231790713,0.35235625242500573
0,MQ7,13,0.44514776030177156,0.3707151753224833
0,MQ7,14,0.4438717215643483,0.36491263207982566
0,MQ7,15,0.4487366673975736,0.3626520963173772
0,MQ7,16,0.3503761718651663,0.3334093201170934
0,MQ7,17,0.36869450158853023,0.35265521887794476
0,MQ7,18,0.3796166601181549,0.3457447127481711
0,MQ7,19,0.378621078844366,0.3442875224307332
0,MQ7,20,0.3731747981469383,0.33279028743571326
0,MQ7,21,0.37300580206451106,0.3488264294123114
0,MQ7,22,0.35727079887822205,0.3362764115493542
0,MQ7,23,0.42402326455916556,0.3475437691280422
0,MQ7,24,0.4114920592505806,0.347511761431128
0,MQ7,25,0.38305632683019664,0.33398401204829636
0,MQ7,26,0.37850246294563794,0.34988394656410976
0,MQ7,27,0.3576019453217715,0.31826387545534035
0,MQ7,28,0.3390143714043958,0.3179148576154837
0,MQ7,29,0.3466166913515751,0.27966604320842553
0,MQ7,30,0.3353170234110209,0.288673226373934
0,MQ7,31,0.2846579176375687,0.2907021908071523
0,MQ7,32,0.31580328769367655,0.2893293784339112
0,MQ7,33,0.3360601961518067,0.286616809837607
0,MQ7,34,0.36701919193985355,0.2996502220535826
0,MQ7,35,0.34988821715095414,0.2929346951188423
0,MQ7,36,0.3531976931817289,0.28650908379903617
0,MQ7,37,0.34382353356106093,0.2975600939792991
0,MQ7,38,0.3966705723557236,0.32082271251645533
0,MQ7,39,0.4023050377129212,0.32474557678762367
0,MQ7,40,0.36454232330693037,0.3187651875340135
0,MQ7,41,0.3889948335737917,0.326863511651214
0,MQ7,42,0.3875497964622093,0.3248889828299884
0,MQ7,43,0.3762456668410808,0.2906131617367136
0,MQ7,44,0.3684574716102146,0.31424549380871536
0,MQ7,45,0.3856456408942789,0.3147577468549948
0,MQ7,46,0.3739711320157364,0.31503967434565316
0,MQ7,47,0.3196194674883143,0.31744996172151957
0,MQ7,48,0.3444887766500792,0.3311535813345446
0,MQ7,49,0.3507628215949043,0.33012984169024323
0,MQ7,50,0.33873248694934405,0.33076560660015936
0,MQ7,51,0.3484588640725774,0.3175681397127
0,MQ7,52,0.3661970347946066,0.3440439807426654
0,MQ7,53,0.35614656057966737,0.34099942321274335
0,MQ7,54,0.35977768170408786,0.3410673763548636
0,MQ7,55,0.3561993585203293,0.3452200722020749
0,MQ7,56,0.339391273340257,0.30893579015220757
0,MQ7,57,0.3425806676821714,0.3079298397310035
0,MQ7,58,0.36161965360645004,0.31014090391609156
0,MQ7,59,0.3740878806057969,0.31080847640127707
0,MQ7,60,0.41654134008176213,0.3091238941918181
0,MQ7,61,0.38442700524756557,0.3088034800333381
0,MQ7,62,0.4066511486442119,0.3196993203355805
0,MQ7,63,0.4028545097116445,0.30705636759881394
0,MQ7,64,0.40989668311704663,0.3143900565714234
0,MQ7,65,0.39370007497588644,0.33107935186370907
0,MQ7,66,0.3820844950251375,0.32890202512321587
0,MQ7,67,0.438251734119448,0.3618926191454595
0,MQ7,68,0.43751604721568105,0.3661560417467992
0,MQ7,69,0.3997523606622389,0.324636832823513
0,MQ7,70,0.4270366212859043,0.34552845865837467
0,MQ7,71,0.4335620718504342,0.34608871699463983
0,MQ7,72,0.4442886206588553,0.35712195824745613
0,MQ7,73,0.44301123825768896,0.3575978658307293
0,MQ7,74,0.44621454944461236,0.3593750248244139
0,MQ7,75,0.4997443738783006,0.3499809522703771
0,MQ7,76,0.4955217448311475,0.34842699416241196
0,MQ7,77,0.5010532021597296,0.348509495331681
0,MQ7,78,0.5077100699582471,0.3493809686139585
0,MQ7,79,0.506205802533037,0.35527323092264607
0,MQ7,80,0.506529238711801,0.36101988038185245
0,MQ7,81,0.49739753975756984,0.35365244637772775
0,MQ7,82,0.5024766090454065,0.3529968757941763
0,MQ7,83,0.5363446578605433,0.3603410680960406
0,MQ7,84,0.5419282090120561,0.3508548937597333
0,MQ7,85,0.5539876408727316,0.3540846387158317
0,MQ7,86,0.5693712242693271,0.3658613076549276
0,MQ7,87,0.5540026005169336,0.3572701729289098
0,MQ7,88,0.5548773588152807,0.3382296388737761
0,MQ7,89,0.5849792267529428,0.31592359908968787
0,MQ7,90,0.6124378583748853,0.3367562278205533
0,MQ7,91,0.6299397409849536,0.3418338570748023
0,MQ7,92,0.6406470866988814,0.34259871147794013
0,MQ7,93,0.6323600308937836,0.34733601355451343
0,MQ7,94,0.6012591871600366,0.3500656068273223
0,MQ7,95,0.5791591392478201,0.3704055607288146
0,MQ7,96,0.5606494378766096,0.3816959514666608
0,MQ7,97,0.5705826164690209,0.4044160208409961
0,MQ7,98,0.5563783186969873,0.404783992932584
0,MQ7,99,0.5542211739144308,0.4390701615886823
0,MQ8,0,0.2761133836825382,0.2996994358890581
0,MQ8,1,0.26866544085265776,0.3031213648062816
0,MQ8,2,0.2877237704186749,0.29362627471027414
0,MQ8,3,0.2814570686626444,0.2846758501496323
0,MQ8,4,0.3174834493484997,0.2881400221740087
0,MQ8,5,0.29953705047709367,0.28627654574603917
0,MQ8,6,0.33376223425933665,0.29326607213979955
0,MQ8,7,0.2824548185921996,0.28779968907248504
0,MQ8,8,0.26430115594808523,0.2924477891711055
0,MQ8,9,0.2785235356835442,0.28582996166417324
0,MQ8,10,0.2850793668840592,0.2651813678182857
0,MQ8,11,0.32875413350041116,0.3382695344514891
0,MQ8,12,0.4034284749462405,0.3491878401001645
0,MQ8,13,0.3175320635638574,0.24351978342337327
0,MQ8,14,0.331583864852872,0.25095999528879764
0,MQ8,15,0.35020048519553676,0.24929860885929808
0,MQ8,16,0.3177103684573779,0.24474027989383984
0,MQ8,17,0.32610719077425204,0.27970622809598483
0,MQ8,18,0.3765614041833595,0.2943121433196007
0,MQ8,19,0.34422376004450145,0.2598331756540422
0,MQ8,20,0.3543376146310192,0.2556134482168379
0,MQ8,21,0.3819820499213925,0.2622373344667054
0,MQ8,22,0.3731409736729768,0.2766301858116593
0,MQ8,23,0.38384482978898765,0.2710210071395101
0,MQ8,24,0.3906785958037905,0.2574611467166367
0,MQ8,25,0.37121874004249106,0.2763701723138906
0,MQ8,26,0.3898975711471315,0.26856937594714975
0,MQ8,27,0.37706769223444625,0.24238421359790163
0,MQ8,28,0.36218464217893653,0.2383048903355363
0,MQ8,29,0.37818712068752347,0.22904208245053162
0,MQ8,30,0.3446344205476261,0.2352528086482651
0,MQ8,31,0.34399905193699665,0.2505860623001725
0,MQ8,32,0.36186926628408994,0.25680775931466815
0,MQ8,33,0.35133188626659795,0.25228034680501693
0,MQ8,34,0.3714817412379708,0.25923946441417656
0,MQ8,35,0.3459785098728081,0.26122886076021784
0,MQ8,36,0.3717514242364082,0.25228954003879656
0,MQ8,37,0.37852312486250167,0.2665625119273952
0,MQ8,38,0.44869155500553376,0.28422033556073845
0,MQ8,39,0.4233928981605611,0.29679893244059197
0,MQ8,40,0.4042207516443707,0.2986008086558314
0,MQ8,41,0.40588838707241465,0.2935159825025299
0,MQ8,42,0.411311122706084,0.30281262791100577
0,MQ8,43,0.4319018506454441,0.2905726571456569
0,MQ8,44,0.4356624973235837,0.2692651875967221
0,MQ8,45,0.43195291210242287,0.2873597101288897
0,MQ8,46,0.42715234678335995,0.29065826790256283
0,MQ8,47,0.39935535170964725,0.2742842794913332
0,MQ8,48,0.4125013131054602,0.3065970976431709
0,MQ8,49,0.41829184202405656,0.29719687161606284
0,MQ8,50,0.42479226017241106,0.3008259941087857
0,MQ8,51,0.4304268137523675,0.30129122884571025
0,MQ8,52,0.43290741408441885,0.30573541221235145
0,MQ8,53,0.442677551192367,0.3012842171815463
0,MQ8,54,0.4398840198616372,0.2931455848638457
0,MQ8,55,0.4442523471324714,0.3009527936556863
0,MQ8,56,0.42542143290475815,0.30150965815619857
0,MQ8,57,0.4185544751975689,0.2899665284665138
0,MQ8,58,0.44530960876293524,0.28592052695929654
0,MQ8,59,0.44186161420349185,0.28619331690753125
0,MQ8,60,0.514467437197333,0.2616063502158275
0,MQ8,61,0.46190324432454644,0.28151262067695554
0,MQ8,62,0.4831063458427414,0.28954325168649175
0,MQ8,63,0.48038197100884805,0.29469097030641933
0,MQ8,64,0.4948997200968383,0.29020332565700446
0,MQ8,65,0.47807458513974754,0.3201625898481953
0,MQ8,66,0.5205047765252937,0.326828793269095
0,MQ8,67,0.5245162241831184,0.34552984773509954
0,MQ8,68,0.5156020183773111,0.3461927715196891
0,MQ8,69,0.5147783874556844,0.3315120470711328
0,MQ8,70,0.5167723411833015,0.3339278142102778
0,MQ8,71,0.5181900508566234,0.344879584795035
0,MQ8,72,0.5259838577221232,0.33806973667768636
0,MQ8,73,0.5239485262615908,0.34408757963671904
0,MQ8,74,0.5663917108748484,0.3577115066058
0,MQ8,75,0.5873668728402428,0.33835924041643634
0,MQ8,76,0.5981248335990906,0.35546164503907407
0,MQ8,77,0.6147919145107719,0.3454312029864358
0,MQ8,78,0.6205377757364635,0.34216818532593835
0,MQ8,79,0.6233047424044157,0.3427316557394136
0,MQ8,80,0.6279205146648392,0.34661285927462876
0,MQ8,81,0.6241422666472264,0.3411833304619718
0,MQ8,82,0.6252710565227044,0.3387293673934192
0,MQ8,83,0.624805331271708,0.320840282509665
0,MQ8,84,0.659523100894792,0.3296702212197066
0,MQ8,85,0.664760156047391,0.33067238640989793
0,MQ8,86,0.6897363149420349,0.33739566141224847
0,MQ8,87,0.6820675349695051,0.34975714339444247
0,MQ8,88,0.6794541987949605,0.3247108881673077
0,MQ8,89,0.6919596583737861,0.2908598825039274
0,MQ8,90,0.7120875858867417,0.3052544328641784
0,MQ8,91,0.7232843212601283,0.3104638760068511
0,MQ8,92,0.7334082873936765,0.32012304772239
0,MQ8,93,0.7305297788774109,0.32014400612048594
0,MQ8,94,0.704960659863933,0.320723225632974
0,MQ8,95,0.6954931368651539,0.33474476111943097
0,MQ8,96,0.699909140935547,0.32680872024730184
0,MQ8,97,0.6627134173346191,0.3549219959865654
0,MQ8,98,0.6615819687738178,0.38266931342285837
0,MQ8,99,0.6943586785964653,0.363427122685261
1,MQ135,0,0.5255417138456014,0.3503568012457385
1,MQ135,1,0.5318228763171033,0.3474503860612298
1,MQ135,2,0.4930473674781645,0.3487435969498626
1,MQ135,3,0.5186456026386072,0.33473264923370827
1,MQ135,4,0.5016041828898049,0.33809869626660505
1,MQ135,5,0.5564069608191498,0.32096014996566175
1,MQ135,6,0.5452725931454494,0.341325972945158
1,MQ135,7,0.5432166510865815,0.35405792958819043
1,MQ135,8,0.5466326805694315,0.352071872343416
1,MQ135,9,0.5351041570487142,0.34192451224739573
1,MQ135,10,0.5302871898329317,0.3434289465212284
1,MQ135,11,0.5433123704662339,0.3281031596343027
1,MQ135,12,0.5198167894100365,0.36152823622604685
1,MQ135,13,0.5175549914494598,0.3378705998755569
1,MQ135,14,0.5054418708899087,0.3680544348026729
1,MQ135,15,0.5067695596283982,0.3667734834605059
1,MQ135,16,0.5052034471914596,0.36700033137436616
1,MQ135,17,0.5202944134564742,0.3699159427063698
1,MQ135,18,0.5157079331799332,0.367197924397997
1,MQ135,19,0.5230117787696124,0.345333235692743
1,MQ135,20,0.5081736092149839,0.3503152275530757
1,MQ135,21,0.496263723726387,0.3551533409556897
1,MQ135,22,0.4814156013285061,0.34032504014381126
1,MQ135,23,0.4871198063242283,0.34338420049995017
1,MQ135,24,0.4838047265727014,0.3362851022831846
1,MQ135,25,0.49464412272270336,0.3377886069392782
1,MQ135,26,0.5010157252050352,0.3305088929556654
1,MQ135,27,0.49080066087489765,0.33396000782266383
1,MQ135,28,0.48342407172069934,0.29602641283308007
1,MQ135,29,0.4820684396787841,0.33096758512290175
1,MQ135,30,0.47729481904111387,0.3187002300022003
1,MQ135,31,0.5007597282783953,0.31243394581810763
1,MQ135,32,0.49579268215245687,0.29320129948487084
1,MQ135,33,0.4864836528087297,0.28127432452534595
1,MQ135,34,0.5164419401580315,0.2639143980216753
1,MQ135,35,0.5341832686320501,0.26636611157305345
1,MQ135,36,0.5427328691557156,0.26048106825605255
1,MQ135,37,0.5578205889877544,0.2663960464572459
1,MQ135,38,0.5566769920387307,0.25298626927304113
1,MQ135,39,0.5451280758574084,0.23124485409298431
1,MQ135,40,0.5881169709797608,0.23119843296479206
1,MQ135,41,0.5869591693713047,0.22814362580669234
1,MQ135,42,0.6108816539525508,0.23113749263372563
1,MQ135,43,0.623010698015321,0.22141162002657735
1,MQ135,44,0.6552116835333589,0.19428102166301306
1,MQ135,45,0.6707095814161237,0.21200378397567435
1,MQ135,46,0.6699315209090955,0.18952797824590586
1,MQ135,47,0.7057072949448212,0.15079777237881128
1,MQ135,48,0.7138530329505245,0.15685544235682441
1,MQ135,49,0.705063091125145,0.15698841743864114
1,MQ135,50,0.7126732231341067,0.14561038991675562
1,MQ135,51,0.7187169401142365,0.1345412414734566
1,MQ135,52,0.7182862028444036,0.1308573928175297
1,MQ135,53,0.7176345998012503,0.11991704394460609
1,MQ135,54,0.7257775161653918,0.12921452554222776
1,MQ135,55,0.7007101030357903,0.20594593250906196
1,MQ135,56,0.7146673978311129,0.19431410996660214
1,MQ135,57,0.7182488358877781,0.2000671007457776
1,MQ135,58,0.7360147972066364,0.19428324407626948
1,MQ135,59,0.7358946595364356,0.20421557998242823
1,MQ135,60,0.7539684128197179,0.18803176050589543
1,MQ135,61,0.7487320360922531,0.19370134943931683
1,MQ135,62,0.764656461458075,0.1945957839403908
1,MQ135,63,0.7686865581581274,0.1953715730447233
1,MQ135,64,0.7789396633082591,0.19246073555476842
1,MQ135,65,0.7893133479452283,0.18416123049897362
1,MQ135,66,0.7747649090782263,0.18748501855190036
1,MQ135,67,0.7866870840605592,0.1817459758291241
1,MQ135,68,0.7814914897416095,0.1799594694720013
1,MQ135,69,0.7883368387375493,0.1813651763133569
1,MQ135,70,0.7932515155172224,0.1832624782198316
1,MQ135,71,0.803900865244278,0.17863143964558267
1,MQ135,72,0.7982018232164361,0.17886881997251966
1,MQ135,73,0.8189680227468206,0.17993337483186375
1,MQ135,74,0.8283446367926611,0.1697062131299397
1,MQ135,75,0.82727061555564,0.1747707806242811
1,MQ135,76,0.8284383460516563,0.17101924739663216
1,MQ135,77,0.8493387998236654,0.165919060472918
1,MQ135,78,0.8439106387819979,0.16625375771697154
1,MQ135,79,0.8468345562368167,0.1650250445968739
1,MQ135,80,0.838960452514967,0.16351045477460885
1,MQ135,81,0.831290564750505,0.1584346336291141
1,MQ135,82,0.8250469005314337,0.173200265294045
1,MQ135,83,0.799196313820171,0.2252702274802459
1,MQ135,84,0.8330016482267857,0.18746099404150565
1,MQ135,85,0.8160207892247203,0.21974759314917033
1,MQ135,86,0.8198300880014316,0.2344394442606659
1,MQ135,87,0.8233267080502934,0.2463227831702505
1,MQ135,88,0.8256486299896637,0.25762669047668946
1,MQ135,89,0.8169725982272936,0.2689789409120243
1,MQ135,90,0.8346631385350216,0.27295727320762736
1,MQ135,91,0.826570086400325,0.27756615893626824
1,MQ135,92,0.8120692535711979,0.2823485160838587
1,MQ135,93,0.8053713244864913,0.2981812365460209
1,MQ135,94,0.7731474739078926,0.3072722402090016
1,MQ135,95,0.7409916506542642,0.3283281759094238
1,MQ135,96,0.7077856194492295,0.35638523509820896
1,MQ135,97,0.6800589786097764,0.39375515467915956
1,MQ135,98,0.649365639167915,0.4323239917343416
1,MQ135,99,0.6195048330666433,0.4883693281116579
1,MQ138,0,0.7051008433695872,0.2768440932385153
1,MQ138,1,0.657848378840463,0.2972256421160255
1,MQ138,2,0.6566033917117473,0.2802164945773478
1,MQ138,3,0.6598219189816128,0.2681970618399482
1,MQ138,4,0.6524909088511681,0.25163976031772634
1,MQ138,5,0.6678946036990663,0.2524316250080178
1,MQ138,6,0.6347528811569666,0.2632369466913092
1,MQ138,7,0.6300189263965477,0.2884972188900007
1,MQ138,8,0.6023235749353857,0.2749168916897754
1,MQ138,9,0.5849691396129436,0.2716938962326272
1,MQ138,10,0.6076631893841787,0.2604338850353735
1,MQ138,11,0.5791752410772648,0.2397740756670109
1,MQ138,12,0.573798576462451,0.2688172336610488
1,MQ138,13,0.5152283845645581,0.2845666394192192
1,MQ138,14,0.4935278475471201,0.3134375691890641
1,MQ138,15,0.4916635897130768,0.3230327290756117
1,MQ138,16,0.5022856144886091,0.3234537610549641
1,MQ138,17,0.5253084573914589,0.3193361618832955
1,MQ138,18,0.5693600342125871,0.32641399451494235
1,MQ138,19,0.4924110555018195,0.2889611457968555
1,MQ138,20,0.48742989002992454,0.31141727816137604
1,MQ138,21,0.48076443426752996,0.3046691154433685
1,MQ138,22,0.47459224770026615,0.30109501866981153
1,MQ138,23,0.4665581244438889,0.29841200894165626
1,MQ138,24,0.4696010200570231,0.29371329077381525
1,MQ138,25,0.47628129169829564,0.2745127726170943
1,MQ138,26,0.47854335637238765,0.27409376230013155
1,MQ138,27,0.4751810161979453,0.2694805010289943
1,MQ138,28,0.4759781014574369,0.25448746879523465
1,MQ138,29,0.3968819898904687,0.23959796018941404
1,MQ138,30,0.508961611102627,0.2966482620934342
1,MQ138,31,0.5370021414808568,0.26485223893270055
1,MQ138,32,0.5049098096355857,0.27847727304124054
1,MQ138,33,0.4946926322811186,0.26874866592267316
1,MQ138,34,0.5449093445444778,0.22802668208212742
1,MQ138,35,0.5376325345024169,0.21502521248465703
1,MQ138,36,0.5622470848719775,0.2253288231881311
1,MQ138,37,0.5619503854270701,0.22261739294801122
1,MQ138,38,0.5639752633397788,0.2112617191891757
1,MQ138,39,0.5581043653667404,0.19756148499363083
1,MQ138,40,0.5792857145401464,0.19856355071249165
1,MQ138,41,0.5708318165643517,0.19940366500004547
1,MQ138,42,0.5699665055617075,0.20110488558681963
1,MQ138,43,0.5746269760621049,0.19162136523064366
1,MQ138,44,0.593639484840311,0.18763115568153
1,MQ138,45,0.5897769607483537,0.18513327739863725
1,MQ138,46,0.6039523441643097,0.178036587748107
1,MQ138,47,0.6271587604080803,0.18780796030991947
1,MQ138,48,0.6350099135435815,0.20362744161533525
1,MQ138,49,0.6572034183797877,0.1947870149843494
1,MQ138,50,0.6456002490184897,0.1936339196269901
1,MQ138,51,0.6477225137723658,0.20196839252625173
1,MQ138,52,0.6125308884418077,0.20637748278325377
1,MQ138,53,0.6054752471581445,0.20709395404895853
1,MQ138,54,0.6088846692062545,0.21287231364962989
1,MQ138,55,0.6020368001937907,0.22939683853899623
1,MQ138,56,0.5963652235009632,0.2424481094922077
1,MQ138,57,0.6195212913438134,0.24911452209018925
1,MQ138,58,0.6153081775877612,0.24549658843819908
1,MQ138,59,0.613127839697244,0.23903765333047708
1,MQ138,60,0.6238531200958938,0.2547722879950975
1,MQ138,61,0.6274778122382725,0.25720153424824677
1,MQ138,62,0.6377033050523846,0.2623201647131229
1,MQ138,63,0.6385071385394451,0.24963574536156033
1,MQ138,64,0.6282763139816815,0.24399005090712275
1,MQ138,65,0.6306361897010235,0.23835503878171685
1,MQ138,66,0.6352512631057988,0.23495866361947576
1,MQ138,67,0.6457104248304666,0.24852516485350046
1,MQ138,68,0.6495516652791878,0.24644139690522168
1,MQ138,69,0.657531693145622,0.24869348345464445
1,MQ138,70,0.666669900926376,0.2487443110659453
1,MQ138,71,0.6736255222466214,0.24733421829136717
1,MQ138,72,0.6878564843748953,0.2577893223683843
1,MQ138,73,0.6925740838628527,0.25326519755472127
1,MQ138,74,0.6751553600876437,0.25052302567960844
1,MQ138,75,0.6956567468445036,0.24978718907235553
1,MQ138,76,0.7047211392264391,0.25112760523440186
1,MQ138,77,0.7086964797471969,0.25904210638720926
1,MQ138,78,0.7163273105666675,0.25666428144935566
1,MQ138,79,0.7228751584072439,0.2558746686892011
1,MQ138,80,0.7170390228960977,0.2549000241978008
1,MQ138,81,0.7063596616128267,0.2507815729237756
1,MQ138,82,0.7028398774028195,0.24430205872120533
1,MQ138,83,0.6811930462726578,0.24868677870013706
1,MQ138,84,0.6980796949439431,0.25378249128851343
1,MQ138,85,0.7003103780288726,0.2660806621360575
1,MQ138,86,0.6990198099358031,0.28031440506814026
1,MQ138,87,0.7091373994339085,0.29692789035369993
1,MQ138,88,0.6955678025397884,0.2950874657922832
1,MQ138,89,0.6969085670792456,0.29823544367420524
1,MQ138,90,0.6863345822811266,0.3195544158963257
1,MQ138,91,0.6985357770828947,0.3431695144113112
1,MQ138,92,0.698337394576748,0.3278926519141915
1,MQ138,93,0.6954499973465582,0.3322279086425803
1,MQ138,94,0.6778756339357259,0.3204504638077994
1,MQ138,95,0.6450428306099029,0.32623791970519433
1,MQ138,96,0.6049284442910438,0.3447043569623046
1,MQ138,97,0.5702695211352458,0.3741936880207904
1,MQ138,98,0.5428894971050008,0.4307474718393247
1,MQ138,99,0.5253169291705327,0.4664858133774316
1,MQ2,0,0.4670753567382481,0.3053251809277235
1,MQ2,1,0.4824738378086683,0.29566532090059877
1,MQ2,2,0.5054364702935343,0.3105347505664622
1,MQ2,3,0.48179390367122127,0.2836811421599049
1,MQ2,4,0.4975994821496239,0.2782334226298898
1,MQ2,5,0.49961454584855064,0.2746069083519887
1,MQ2,6,0.47738610183534974,0.31467989245257805
1,MQ2,7,0.4988785218715802,0.3164165066761821
1,MQ2,8,0.4658886684242231,0.3083375538581645
1,MQ2,9,0.46896816764316374,0.3015360576314564
1,MQ2,10,0.4800322035031242,0.31033969849324416
1,MQ2,11,0.5004130238095434,0.2901685988912668
1,MQ2,12,0.4834032080768648,0.2960552887011568
1,MQ2,13,0.5073687692361865,0.30672693126668893
1,MQ2,14,0.47005783296408915,0.33072225206239964
1,MQ2,15,0.49128976762565807,0.3233937917217382
1,MQ2,16,0.5060762158443333,0.3201233233373472
1,MQ2,17,0.5235754975024024,0.3035654861454451
1,MQ2,18,0.5447579369009095,0.3049874056036517
1,MQ2,19,0.5313295745446555,0.29226677502957976
1,MQ2,20,0.5190406812920056,0.30523962306029495
1,MQ2,21,0.5259950205901461,0.2907738628417375
1,MQ2,22,0.5493296615791333,0.27929535185923904
1,MQ2,23,0.5305465106707901,0.29655498371963396
1,MQ2,24,0.5432787261937603,0.2942860093285917
1,MQ2,25,0.5390919695424197,0.3011899328664119
1,MQ2,26,0.546644208766736,0.2857957883496601
1,MQ2,27,0.5364188619335359,0.293237916683365
1,MQ2,28,0.5476305649166925,0.27000545157264344
1,MQ2,29,0.4753539660392204,0.25991255371154953
1,MQ2,30,0.547351295646316,0.304715596224027
1,MQ2,31,0.543758927020009,0.29273292894975195
1,MQ2,32,0.5495050317080511,0.24253947839785756
1,MQ2,33,0.5184432786590026,0.23967278923043656
1,MQ2,34,0.5949995668374629,0.2162897006173642
1,MQ2,35,0.5540189197084364,0.2517858763098217
1,MQ2,36,0.5577187584695453,0.26795041649564544
1,MQ2,37,0.5585706623223666,0.26175693405725087
1,MQ2,38,0.571366149625096,0.26103143684597613
1,MQ2,39,0.6188473792982364,0.25028467895246276
1,MQ2,40,0.6415877792700985,0.26586065138735365
1,MQ2,41,0.6162925885690376,0.2564993727266794
1,MQ2,42,0.6108744156218806,0.2573886324058155
1,MQ2,43,0.6080667750301189,0.29120422086459236
1,MQ2,44,0.5992224878295106,0.3209031697483734
1,MQ2,45,0.5736619875985648,0.30764370365813587
1,MQ2,46,0.5773216854926843,0.2911130787756264
1,MQ2,47,0.5874026064502411,0.30751659226173084
1,MQ2,48,0.5862363022952696,0.2767351389568726
1,MQ2,49,0.5710104039898842,0.29307459980403877
1,MQ2,50,0.5911844494053898,0.26875996320133266
1,MQ2,51,0.5527597976294779,0.29385280926285384
1,MQ2,52,0.5480248075321642,0.29298583210928325
1,MQ2,53,0.565597540474461,0.2710819987553051
1,MQ2,54,0.5415469295918007,0.29633654377600627
1,MQ2,55,0.5381171597165618,0.3036837240811103
1,MQ2,56,0.5341564521061626,0.3170622880217433
1,MQ2,57,0.5440363817827869,0.30941178297204186
1,MQ2,58,0.5553263457315202,0.30090039335821117
1,MQ2,59,0.5659091188439366,0.2959043668655442
1,MQ2,60,0.5752170151599475,0.2922636592399413
1,MQ2,61,0.5938315217512807,0.29320646492865166
1,MQ2,62,0.5937316304359591,0.28510113791432695
1,MQ2,63,0.593089846088586,0.29541449362232536
1,MQ2,64,0.6121848239485268,0.27970060046947387
1,MQ2,65,0.6127905950552054,0.28255297093756193
1,MQ2,66,0.6278914950926628,0.27849846410894846
1,MQ2,67,0.6434578102419346,0.268505655434257
1,MQ2,68,0.6505354965687463,0.27045583074463014
1,MQ2,69,0.6485488128975846,0.2773680183079401
1,MQ2,70,0.6481008108394031,0.29222248555878616
1,MQ2,71,0.6783661466897146,0.26287693661177436
1,MQ2,72,0.6804448101511854,0.2566388281646952
1,MQ2,73,0.6957848695141728,0.25098202110918966
1,MQ2,74,0.6960696506530403,0.25693497799953624
1,MQ2,75,0.7056595556992408,0.24815292940850547
1,MQ2,76,0.7191670130427499,0.2414058759154662
1,MQ2,77,0.7198882283308015,0.2444330937883859
1,MQ2,78,0.7199799943822471,0.25564520955341774
1,MQ2,79,0.7446313174293046,0.23869175187348937
1,MQ2,80,0.7413532820983826,0.22978149091926006
1,MQ2,81,0.7319155184570547,0.2218413874042307
1,MQ2,82,0.7192683775532785,0.2308936637674951
1,MQ2,83,0.7151848645790032,0.2364868664284751
1,MQ2,84,0.7158545919955985,0.2539901885416247
1,MQ2,85,0.7192707181389616,0.27079679927961
1,MQ2,86,0.702634296607722,0.29821733154888946
1,MQ2,87,0.7093979388551482,0.31054335915982456
1,MQ2,88,0.6996842561171873,0.3207021341676044
1,MQ2,89,0.7152570431014376,0.3216429930703074
1,MQ2,90,0.7226436682470272,0.32371355554040365
1,MQ2,91,0.7247642193680056,0.3286071572382527
1,MQ2,92,0.7223182344391413,0.3250903233096316
1,MQ2,93,0.7108800885291098,0.33230305087653395
1,MQ2,94,0.6753523556000953,0.3218902256869033
1,MQ2,95,0.6444027622890139,0.34472052102444595
1,MQ2,96,0.6101729958365117,0.3668905384677039
1,MQ2,97,0.5757853274980252,0.39321024205741145
1,MQ2,98,0.540144369334293,0.43342821107262225
1,MQ2,99,0.5213472559830266,0.46749167228517396
1,MQ3,0,0.3713938766664219,0.2869591700819237
1,MQ3,1,0.3703341324566558,0.28411210483143107
1,MQ3,2,0.3802930989577765,0.28753112798094915
1,MQ3,3,0.4090723967426439,0.26662230184735086
1,MQ3,4,0.40537902378748075,0.2728387959755197
1,MQ3,5,0.43792684798986936,0.2766318207324059
1,MQ3,6,0.44679457229723435,0.27989212906900945
1,MQ3,7,0.4426421643981378,0.2753530115399221
1,MQ3,8,0.448555929663748,0.27473421853225777
1,MQ3,9,0.4427656857771093,0.2586341039863069
1,MQ3,10,0.4551434255705114,0.263017856267541
1,MQ3,11,0.4644175824589377,0.2619055778000052
1,MQ3,12,0.47240052387792997,0.24818867558895605
1,MQ3,13,0.4904214711618978,0.26959379442651066
1,MQ3,14,0.4557026624797447,0.2828251551008655
1,MQ3,15,0.4880042307817334,0.2881111529025854
1,MQ3,16,0.5239406842574258,0.3029978028402667
1,MQ3,17,0.5400233798303599,0.29565232284967
1,MQ3,18,0.5593546668668834,0.29915936916882374
1,MQ3,19,0.5152482189978406,0.3061573369192075
1,MQ3,20,0.4975098308974097,0.3095784677255305
1,MQ3,21,0.5154698989116114,0.29577376105328806
1,MQ3,22,0.502964059520728,0.30181216369508934
1,MQ3,23,0.5140962497778235,0.2708230258840736
1,MQ3,24,0.4962142906627469,0.2724921835670249
1,MQ3,25,0.5057282669032221,0.2539799438090821
1,MQ3,26,0.4978495425735768,0.2558293345048212
1,MQ3,27,0.5158739663449123,0.2518762600752929
1,MQ3,28,0.49645989019564535,0.2361129178714777
1,MQ3,29,0.44911848134631155,0.23738940424961164
1,MQ3,30,0.4436311819594156,0.30749309050164936
1,MQ3,31,0.45237317062395815,0.3032752596252706
1,MQ3,32,0.44122655913002357,0.2701299878553718
1,MQ3,33,0.47926433877521224,0.24237926743844987
1,MQ3,34,0.48226746568639084,0.19769926162906398
1,MQ3,35,0.5240414375520602,0.2001641620537738
1,MQ3,36,0.5398750817444435,0.20992177130491727
1,MQ3,37,0.5520450543232764,0.18754758330753024
1,MQ3,38,0.5625486202571082,0.19954517159784277
1,MQ3,39,0.5317217239869312,0.2063564091596378
1,MQ3,40,0.5757397015976075,0.156423835280611
1,MQ3,41,0.5923100618451692,0.1616346380261261
1,MQ3,42,0.6022093756516202,0.1672036718263765
1,MQ3,43,0.640727650781573,0.16589964178023647
1,MQ3,44,0.6338831423354787,0.13196087546123472
1,MQ3,45,0.643960514642921,0.16355150012292177
1,MQ3,46,0.6595409380106599,0.12890016867226356
1,MQ3,47,0.683615146278152,0.14103575583517663
1,MQ3,48,0.6919183674043617,0.10778564120978157
1,MQ3,49,0.6858168667464447,0.11811317253874595
1,MQ3,50,0.6832357411960642,0.11658613600715496
1,MQ3,51,0.6979554130002615,0.09848159834150749
1,MQ3,52,0.7030984562042688,0.09574481012886332
1,MQ3,53,0.7024124936563043,0.09212303165672628
1,MQ3,54,0.7007522891374389,0.11193656289111598
1,MQ3,55,0.6799776404124885,0.17112492062181803
1,MQ3,56,0.7005411016454949,0.17511879243849038
1,MQ3,57,0.7080844001352476,0.16256867060759153
1,MQ3,58,0.6971001599325771,0.1587079460739817
1,MQ3,59,0.7355310283811982,0.14553360155564973
1,MQ3,60,0.7363108425903763,0.13827867532024934
1,MQ3,61,0.7500632985418388,0.13399322195944202
1,MQ3,62,0.7370987963176606,0.1494976085285374
1,MQ3,63,0.7500594876884992,0.1542941151660613
1,MQ3,64,0.7637935668108471,0.12201227981352691
1,MQ3,65,0.7793093743821068,0.1255635524471609
1,MQ3,66,0.7920449563537691,0.11644380536521777
1,MQ3,67,0.7955122281693758,0.11563493560692205
1,MQ3,68,0.7984004664368924,0.10898324662878513
1,MQ3,69,0.7977090054594733,0.10833440672912986
1,MQ3,70,0.8049379894115918,0.10524256013117671
1,MQ3,71,0.8071021801854155,0.10052405484623657
1,MQ3,72,0.7973106014182407,0.11238981680880575
1,MQ3,73,0.8026194024747173,0.10309509567005913
1,MQ3,74,0.8246397995907702,0.10481963953749526
1,MQ3,75,0.8092803384507674,0.10796032519871457
1,MQ3,76,0.8261242506709243,0.1086189386128202
1,MQ3,77,0.8292708314307548,0.10189041029659589
1,MQ3,78,0.8362920849169584,0.10138249797650335
1,MQ3,79,0.8383731643554827,0.1023110425991558
1,MQ3,80,0.8435833791933222,0.12155080286160569
1,MQ3,81,0.8436837080950119,0.11178036554087871
1,MQ3,82,0.8395821373676161,0.13595384654657514
1,MQ3,83,0.8199716531290004,0.16330083661620082
1,MQ3,84,0.8363475963897503,0.18764368493285702
1,MQ3,85,0.8360868794807156,0.199067519368014
1,MQ3,86,0.8206334767358682,0.22056807461867092
1,MQ3,87,0.8360786548474094,0.24535077510811396
1,MQ3,88,0.8409831147421454,0.2549621929172856
1,MQ3,89,0.8384007162304133,0.26490467021188197
1,MQ3,90,0.8456858199242118,0.27413297719502816
1,MQ3,91,0.8442683024982741,0.2792421983418181
1,MQ3,92,0.8404899309221959,0.27867927865051656
1,MQ3,93,0.8273847357504422,0.29180130961548273
1,MQ3,94,0.7909079092768301,0.3028203046874623
1,MQ3,95,0.7513559027163151,0.3342660862094822
1,MQ3,96,0.7166187489736062,0.3596675588740976
1,MQ3,97,0.6809518834932469,0.3937706203727579
1,MQ3,98,0.6503896045785292,0.43246723664612313
1,MQ3,99,0.6163633836256694,0.4751642853018552
1,MQ7,0,0.4100356237310423,0.3461492975300198
1,MQ7,1,0.4413311655471476,0.3254727499266793
1,MQ7,2,0.4608899272032374,0.31317818553133464
1,MQ7,3,0.44676175129464485,0.3142199233161849
1,MQ7,4,0.45586800929226723,0.3037652297369258
1,MQ7,5,0.4483118690031762,0.2957113369102376
1,MQ7,6,0.46864904806893987,0.30454917766327444
1,MQ7,7,0.49344133123152834,0.2890677396535778
1,MQ7,8,0.4813678954702454,0.27764244017805034
1,MQ7,9,0.4657663421164492,0.2690345566013282
1,MQ7,10,0.44560775794961355,0.28526590827827564
1,MQ7,11,0.46244599933583663,0.26291847668498336
1,MQ7,12,0.4212332286614478,0.29163506879409534
1,MQ7,13,0.4363246229679554,0.30577576498865267
1,MQ7,14,0.43686078494333963,0.287306168712988
1,MQ7,15,0.4397573082944414,0.29609600559063043
1,MQ7,16,0.46859494872397345,0.30478043243045644
1,MQ7,17,0.4780156901132985,0.2978901642169009
1,MQ7,18,0.4728861660936805,0.3037905314927893
1,MQ7,19,0.5025805058124704,0.2775137807416485
1,MQ7,20,0.5169983013831246,0.2647618615742395
1,MQ7,21,0.5155869583673506,0.27004115038309623
1,MQ7,22,0.5112621931525826,0.23220574109842254
1,MQ7,23,0.5206088677454115,0.26220435134076314
1,MQ7,24,0.5196487308634002,0.2648521473034623
1,MQ7,25,0.5369906865416498,0.25446750963644077
1,MQ7,26,0.5231460254533442,0.26687632388384513
1,MQ7,27,0.5116959522124157,0.2810474990789092
1,MQ7,28,0.5278948063785984,0.25666700594571296
1,MQ7,29,0.4448738368925566,0.2716112326037005
1,MQ7,30,0.4975100883147208,0.2781449572902236
1,MQ7,31,0.4649004461181068,0.2622382558516489
1,MQ7,32,0.4808866522341385,0.23341506633153758
1,MQ7,33,0.5080638470574705,0.2278658532014305
1,MQ7,34,0.5755647277928417,0.19461297683067233
1,MQ7,35,0.5517205867794336,0.24299008394505742
1,MQ7,36,0.5989249217208337,0.19339095001969717
1,MQ7,37,0.5950372996148249,0.20364497586511507
1,MQ7,38,0.6084142181901573,0.2153908221911237
1,MQ7,39,0.6623204084968368,0.1888585069419851
1,MQ7,40,0.6319482424997628,0.17944796380108377
1,MQ7,41,0.613322555140454,0.2194248277256059
1,MQ7,42,0.6443387937176338,0.1867954146068491
1,MQ7,43,0.6447371497564932,0.24844287401238652
1,MQ7,44,0.6481585026110653,0.23839193157530592
1,MQ7,45,0.6194132137061178,0.23383922188175693
1,MQ7,46,0.6264719051247882,0.2335292854566074
1,MQ7,47,0.6352073736820109,0.24902533325562878
1,MQ7,48,0.6254873819549075,0.25652439965279183
1,MQ7,49,0.6363068079747144,0.2386320980854387
1,MQ7,50,0.6395134374402043,0.24406274322170546
1,MQ7,51,0.6288366172687416,0.2535604654189717
1,MQ7,52,0.6187918475645106,0.23518112105667574
1,MQ7,53,0.6259241134238246,0.21022060452128702
1,MQ7,54,0.6246713118349408,0.22720830484409293
1,MQ7,55,0.6195413896519583,0.23641517915142823
1,MQ7,56,0.6229617750135528,0.2512250322823617
1,MQ7,57,0.6362995048527565,0.23670450625447262
1,MQ7,58,0.6289561260480966,0.262524082305419
1,MQ7,59,0.6364606671987099,0.25854983424404565
1,MQ7,60,0.6545213463242613,0.25791964777502246
1,MQ7,61,0.659618703221898,0.25310014579363144
1,MQ7,62,0.6504569359856752,0.24902195937477753
1,MQ7,63,0.6545643627308675,0.252580294227186
1,MQ7,64,0.6529805028173072,0.2621790678357981
1,MQ7,65,0.693763299754138,0.24304425030464757
1,MQ7,66,0.6895171540056708,0.24096269469969947
1,MQ7,67,0.6916662860554216,0.24757089835294857
1,MQ7,68,0.6837325406988685,0.2628169143318948
1,MQ7,69,0.7040145983907008,0.2499129179020908
1,MQ7,70,0.6985185399024514,0.267175653476019
1,MQ7,71,0.7075518080273769,0.25452651218495376
1,MQ7,72,0.7010059744327304,0.2688294636134183
1,MQ7,73,0.7199904179771949,0.26352088138184393
1,MQ7,74,0.7184845365413534,0.26602432957032496
1,MQ7,75,0.7124455961659468,0.2804164240885722
1,MQ7,76,0.7308161459200088,0.26414220838164537
1,MQ7,77,0.7206895498603306,0.25876614080688215
1,MQ7,78,0.750702730873344,0.24474967075988063
1,MQ7,79,0.7518735067660072,0.24434618384642087
1,MQ7,80,0.7363168059883226,0.2667924136549129
1,MQ7,81,0.7221353189242918,0.262931072300551
1,MQ7,82,0.7168124032567066,0.2691652168427635
1,MQ7,83,0.701610929108828,0.28045573830494513
1,MQ7,84,0.6993261766838311,0.2980853608368744
1,MQ7,85,0.7133193693636525,0.2986650174995064
1,MQ7,86,0.709985118814898,0.3184872736760306
1,MQ7,87,0.6985721279598411,0.32785455776933436
1,MQ7,88,0.6819626991617556,0.3355231843363407
1,MQ7,89,0.6871539830766075,0.3456904802182468
1,MQ7,90,0.6709484842077039,0.36698646126687784
1,MQ7,91,0.7044506911117093,0.3483548174939634
1,MQ7,92,0.6909970902631587,0.35215408686031063
1,MQ7,93,0.6885722968410377,0.3559814788669808
1,MQ7,94,0.6422255299245854,0.33936619196706175
1,MQ7,95,0.6044797869857935,0.354760637147916
1,MQ7,96,0.553395654021474,0.3687938932110324
1,MQ7,97,0.5345841824877725,0.3949227651189006
1,MQ7,98,0.4983850053912749,0.41641545704981126
1,MQ7,99,0.48223172235595074,0.4612277581345876
1,MQ8,0,0.23505559195789863,0.2891502916777324
1,MQ8,1,0.26151109900049035,0.2924919028263003
1,MQ8,2,0.2756685907393087,0.2885863900049781
1,MQ8,3,0.2767123186439663,0.2777263535639417
1,MQ8,4,0.29217703705331577,0.267508173311187
1,MQ8,5,0.30612887627920526,0.2647320754010673
1,MQ8,6,0.36897530293535086,0.25258435815057934
1,MQ8,7,0.3943333437440311,0.25501824922863964
1,MQ8,8,0.3839975396650056,0.25551326248248113
1,MQ8,9,0.37925482468879695,0.2374742294632791
1,MQ8,10,0.36403888246934707,0.22833716350040295
1,MQ8,11,0.3486737918233989,0.22196659472368888
1,MQ8,12,0.3228031005328921,0.23949504674490268
1,MQ8,13,0.3794577487763436,0.24370991345808835
1,MQ8,14,0.4012315982013172,0.22013987049195408
1,MQ8,15,0.4158234514097934,0.22763264169182035
1,MQ8,16,0.4298258837654359,0.23160390653127363
1,MQ8,17,0.44234560633395487,0.23599453342323168
1,MQ8,18,0.4545387570931533,0.23296542597613037
1,MQ8,19,0.4917400448190154,0.20619798412148757
1,MQ8,20,0.47808997499460687,0.21550950012334413
1,MQ8,21,0.4811995296926255,0.21753005054923755
1,MQ8,22,0.4609610135222793,0.2355121740306765
1,MQ8,23,0.49232761171709233,0.23099370243549472
1,MQ8,24,0.5171937665379521,0.2185562814220455
1,MQ8,25,0.5228812310302896,0.21372301190580492
1,MQ8,26,0.5115818639709224,0.20781486265982982
1,MQ8,27,0.5086353021586782,0.22479730747601212
1,MQ8,28,0.504090209314876,0.22997062633019552
1,MQ8,29,0.5326466757023292,0.260715121807733
1,MQ8,30,0.5239065402475966,0.2617433234775097
1,MQ8,31,0.5221951611275163,0.2559252989267605
1,MQ8,32,0.522989220265275,0.24667571935727717
1,MQ8,33,0.5590577967921939,0.20892452336576872
1,MQ8,34,0.5154008341425501,0.21574514882732912
1,MQ8,35,0.5262583636899777,0.21711378278029617
1,MQ8,36,0.5375332634740535,0.21933836064925039
1,MQ8,37,0.541850169544424,0.22468318231075504
1,MQ8,38,0.5541285608863467,0.22270719636203382
1,MQ8,39,0.5597263980687093,0.2223769485683873
1,MQ8,40,0.5862743451535335,0.19500745873408343
1,MQ8,41,0.5682085255218904,0.23020040333637948
1,MQ8,42,0.6075979647289828,0.20551864144577087
1,MQ8,43,0.6039389438466712,0.20657689095452592
1,MQ8,44,0.5972867155749513,0.233142992098939
1,MQ8,45,0.6112953222500174,0.22243095414102862
1,MQ8,46,0.6361401309828378,0.2111732009112243
1,MQ8,47,0.6274325473482619,0.23305654666582315
1,MQ8,48,0.6272124879340406,0.25227340494507067
1,MQ8,49,0.6477685966777365,0.21573803555445772
1,MQ8,50,0.679782132928373,0.2181202767516109
1,MQ8,51,0.6573427210053003,0.2125847002002347
1,MQ8,52,0.6782007355822446,0.22096267556860813
1,MQ8,53,0.6873746522916867,0.2071228919643264
1,MQ8,54,0.7030184316427983,0.1946587517934407
1,MQ8,55,0.6896618341429313,0.20175320574541952
1,MQ8,56,0.6569007438184727,0.240876549036086
1,MQ8,57,0.6630521378254642,0.22481762222670984
1,MQ8,58,0.663045629658965,0.23880337848650926
1,MQ8,59,0.6755286291510122,0.236356657428351
1,MQ8,60,0.6861789657544084,0.250603644328347
1,MQ8,61,0.6799726411995419,0.24044926456325635
1,MQ8,62,0.679002413543752,0.2458553605267
1,MQ8,63,0.677249373719066,0.24784557088910822
1,MQ8,64,0.7001955483743534,0.24508127526031673
1,MQ8,65,0.7070578036945167,0.24502560033593432
1,MQ8,66,0.7083768158833555,0.2566884462820673
1,MQ8,67,0.710813492555577,0.2570714271890109
1,MQ8,68,0.7262797151090219,0.26109512791165274
1,MQ8,69,0.718027805591319,0.26037839842848093
1,MQ8,70,0.7247093911034416,0.2652921032590474
1,MQ8,71,0.729550297996982,0.26605553568572604
1,MQ8,72,0.7336464113241424,0.2667089894163332
1,MQ8,73,0.7449366387068991,0.26749553441896373
1,MQ8,74,0.743937106769046,0.27268500991412115
1,MQ8,75,0.7389841978167431,0.27214915272470924
1,MQ8,76,0.7514021926367868,0.2860839011626859
1,MQ8,77,0.7595032085721737,0.2866437166510025
1,MQ8,78,0.7547215642441131,0.2861814585726936
1,MQ8,79,0.7630571777525876,0.2922614969768939
1,MQ8,80,0.7588670017044856,0.28772157068375015
1,MQ8,81,0.7445329903999014,0.2787137305038417
1,MQ8,82,0.737967292180127,0.2910827025495824
1,MQ8,83,0.7174502149335827,0.30583326418066753
1,MQ8,84,0.7401239602089149,0.3169347025836019
1,MQ8,85,0.7317143814571202,0.33411688073642565
1,MQ8,86,0.7200515280372597,0.3521329208411346
1,MQ8,87,0.7210648666696936,0.3658220267800591
1,MQ8,88,0.7103881830967701,0.37375865043717393
1,MQ8,89,0.709407327039782,0.3765648727271982
1,MQ8,90,0.7081243714310765,0.37936852608925153
1,MQ8,91,0.7166176672462349,0.38720032744437033
1,MQ8,92,0.7091740989315529,0.38004567381689186
1,MQ8,93,0.6904215910570968,0.3794401141784274
1,MQ8,94,0.6583488567656316,0.37975604942028635
1,MQ8,95,0.6092366630751256,0.3749694856517065
1,MQ8,96,0.5777947939285698,0.3729240516920378
1,MQ8,97,0.5627481356392428,0.3811876513756018
1,MQ8,98,0.5385139933122742,0.38563741495239057
1,MQ8,99,0.499730554963131,0.428797147647208
