sensor,fabricante_fonte,link_datasheet,alvo_ou_funcao,condicao_padrao,curva_variacao_encontrada,uso_na_calibracao,status
MQ2,Winsen,https://www.winsen-sensor.com/d/files/newpdf/mq-2-%28ver1_6%29---manual.pdf,"gases inflamaveis/fumaca; referencia do manual em 2000 ppm propane","20 C +/- 2 C; 55% RH +/- 5%; Vc 5.0 V +/- 0.1 V; VH 5.0 V +/- 0.1 V","sim: Rs/R0 por concentracao e Rs/Rso por temperatura/umidade","converter leitura para Rs/R0 quando Vc, VRL, RL e R0 forem conhecidos; corrigir por fator ambiente interpolado do grafico",ok
MQ3,Winsen MQ-3B,https://www.winsen-sensor.com/d/files/manual/mq-3b.pdf,"alcool; referencia do manual em 125 ppm C2H5OH","20 C +/- 2 C; 55% RH +/- 5%; Vc 5.0 V +/- 0.1 V; VH 5.0 V +/- 0.1 V","sim: Rs/R0 por concentracao e Rs/Rso por temperatura/umidade","mesma logica de Rs/R0; confirmar se o sensor fisico e MQ3 ou MQ-3B",confirmar modelo exato
MQ7,Winsen MQ-7B,https://www.winsen-sensor.com/d/files/manual/mq-7b.pdf,"monoxido de carbono; referencia do manual em 150 ppm CO","20 C +/- 2 C; 55% RH +/- 5%; Vc 5.0 V +/- 0.1 V; VH alterna 5.0 V e 1.5 V","sim: Rs/R0 por concentracao e Rs/Rso por temperatura/umidade","alem da correcao ambiental, verificar se o ciclo de aquecimento alto/baixo foi seguido",confirmar modelo exato
MQ8,Winsen,https://www.winsen-sensor.com/d/files/mq-8-%28ver1_6%29---manual.pdf,"hidrogenio; referencia do manual em 1000 ppm H2","20 C +/- 2 C; 55% RH +/- 5%; Vc 5.0 V +/- 0.1 V; VH 5.0 V +/- 0.1 V","sim: Rs/R0 por concentracao e Rs/Rso por temperatura/umidade","converter para Rs/R0 e corrigir pelo fator ambiente do grafico",ok
MQ135,Winsen,https://www.winsen-sensor.com/d/files/PDF/Semiconductor%20Gas%20Sensor/MQ135%20%28Ver1.4%29%20-%20Manual.pdf,"qualidade do ar/gases como NH3, NOx, alcool, benzeno, fumaca, CO2; referencia de curva em 400 ppm H2","20 C +/- 2 C; 55% RH +/- 5%; Vc 5.0 V +/- 0.1 V; VH 5.0 V +/- 0.1 V","sim: Rs/R0 por concentracao e Rs/Rso por temperatura/umidade","converter para Rs/R0 e corrigir pelo fator ambiente do grafico",ok
MQ138,Winsen,https://www.winsen-sensor.com/d/files/PDF/Semiconductor%20Gas%20Sensor/MQ138%20%28Ver1.4%29%20-%20Manual.pdf,"VOC/tolueno/acetona/alcool/metanol; referencia do manual em 50 ppm tolueno","20 C +/- 2 C; 55% RH +/- 5%; Vc 5.0 V +/- 0.1 V; VH 5.0 V +/- 0.1 V","sim: Rs/R0 por concentracao e Rs/Rso por temperatura/umidade","converter para Rs/R0 e corrigir pelo fator ambiente do grafico",ok
Soil,Capacitive Soil Moisture Sensor V2.0,https://rajguruelectronics.com/Product/5538/Capacitive%20Soil%20Moisture%20Sensor%20V2%281%29.0.pdf,"umidade do solo por sensoriamento capacitivo; saida analogica","alimentacao 3.3-5 V; saida 0-3.0 VDC; interface analogica","sim: varia com a umidade do solo, mas nao e umidade relativa do ar","usar como variavel de condicao do vaso/solo; nao usar como RH para corrigir MQ por datasheet",ok
Temp.,Bosch BMP280,https://www.bosch-sensortec.com/media/boschsensortec/downloads/datasheets/bst-bmp280-ds001.pdf,"temperatura medida pelo BMP280","faixa -40 a 85 C; resolucao 0.01 C; acuracia tipica informada no datasheet","sim: BMP280 usa temperatura tambem para compensar pressao","usar como temperatura ambiental no modelo e como eixo T da correcao dos MQ",ok
Pres.,Bosch BMP280,https://www.bosch-sensortec.com/media/boschsensortec/downloads/datasheets/bst-bmp280-ds001.pdf,"pressao barometrica absoluta medida pelo BMP280","faixa 300-1100 hPa; equivalente a 30-110 kPa","sim: pressao varia e o BMP280 possui compensacao interna por temperatura","usar como estabilidade fisica/pressao; valores 93.x provavelmente estao em kPa, equivalentes a 930-939 hPa",ok
