C,Coleta,sensor,tipo_sinal,ambiente,spearman,spearman_parcial_controlando_tempo
C15,dia 19 - Soja Heterodera Vaso 8,MQ2,cru,Soil_indice_0_1,0.37577698126517034,0.07531617854089248
C15,dia 19 - Soja Heterodera Vaso 8,MQ2,corrigido,Soil_indice_0_1,0.30638665180310887,-0.09768227626068773
C15,dia 19 - Soja Heterodera Vaso 8,MQ2,cru,Temp_C,0.6891374115540174,0.0015927722550275285
C15,dia 19 - Soja Heterodera Vaso 8,MQ2,corrigido,Temp_C,0.7116414940348452,0.029388816759407854
C15,dia 19 - Soja Heterodera Vaso 8,MQ2,cru,Pres_kPa,0.19783705515228658,-0.11040027157437791
C15,dia 19 - Soja Heterodera Vaso 8,MQ2,corrigido,Pres_kPa,0.30241127971188114,0.053988509713808516
C15,dia 19 - Soja Heterodera Vaso 8,MQ3,cru,Soil_indice_0_1,0.6247762692176685,0.17545747278493967
C15,dia 19 - Soja Heterodera Vaso 8,MQ3,corrigido,Soil_indice_0_1,0.521229761195021,-0.265165219881416
C15,dia 19 - Soja Heterodera Vaso 8,MQ3,cru,Temp_C,0.9699016135344354,-0.009308175840464167
C15,dia 19 - Soja Heterodera Vaso 8,MQ3,corrigido,Temp_C,0.9449119816023808,-0.04504194567340138
C15,dia 19 - Soja Heterodera Vaso 8,MQ3,cru,Pres_kPa,0.41013524637666676,-0.007151974356756017
C15,dia 19 - Soja Heterodera Vaso 8,MQ3,corrigido,Pres_kPa,0.3920566148144328,-0.03629922203358179
C15,dia 19 - Soja Heterodera Vaso 8,MQ7,cru,Soil_indice_0_1,0.4683643349670051,0.140103668919374
C15,dia 19 - Soja Heterodera Vaso 8,MQ7,corrigido,Soil_indice_0_1,0.5193830309029615,0.26138423543366057
C15,dia 19 - Soja Heterodera Vaso 8,MQ7,cru,Temp_C,0.7800684227936874,0.0354325519129883
C15,dia 19 - Soja Heterodera Vaso 8,MQ7,corrigido,Temp_C,0.7785228011057661,0.07762013299163156
C15,dia 19 - Soja Heterodera Vaso 8,MQ7,cru,Pres_kPa,0.22563340257902792,-0.15763566406767562
C15,dia 19 - Soja Heterodera Vaso 8,MQ7,corrigido,Pres_kPa,0.34092488274203725,0.0669845083278906
C15,dia 19 - Soja Heterodera Vaso 8,MQ8,cru,Soil_indice_0_1,0.47649176881214916,0.13813870762088182
C15,dia 19 - Soja Heterodera Vaso 8,MQ8,corrigido,Soil_indice_0_1,0.5272657425003373,0.19674628304116898
C15,dia 19 - Soja Heterodera Vaso 8,MQ8,cru,Temp_C,0.7848496382553931,0.022644126789593905
C15,dia 19 - Soja Heterodera Vaso 8,MQ8,corrigido,Temp_C,0.845559698990229,0.08733573787739342
C15,dia 19 - Soja Heterodera Vaso 8,MQ8,cru,Pres_kPa,0.2274260514678336,-0.1619855816048428
C15,dia 19 - Soja Heterodera Vaso 8,MQ8,corrigido,Pres_kPa,0.3522159854396784,0.034610955931961
C15,dia 19 - Soja Heterodera Vaso 8,MQ135,cru,Soil_indice_0_1,0.6188494464115715,0.0406536127768247
C15,dia 19 - Soja Heterodera Vaso 8,MQ135,corrigido,Soil_indice_0_1,0.5761246131327533,-0.1321206514097624
C15,dia 19 - Soja Heterodera Vaso 8,MQ135,cru,Temp_C,0.9790868413006474,-0.04787316654299754
C15,dia 19 - Soja Heterodera Vaso 8,MQ135,corrigido,Temp_C,0.9556187938027223,-0.10695478003619424
C15,dia 19 - Soja Heterodera Vaso 8,MQ135,cru,Pres_kPa,0.42823883375424543,0.04569847857647728
C15,dia 19 - Soja Heterodera Vaso 8,MQ135,corrigido,Pres_kPa,0.4545656597833965,0.16534931095971198
C15,dia 19 - Soja Heterodera Vaso 8,MQ138,cru,Soil_indice_0_1,0.6163744529044278,0.12891195942678849
C15,dia 19 - Soja Heterodera Vaso 8,MQ138,corrigido,Soil_indice_0_1,0.6785310189944226,0.461487888123728
C15,dia 19 - Soja Heterodera Vaso 8,MQ138,cru,Temp_C,0.9349495878414434,0.05167383167325369
C15,dia 19 - Soja Heterodera Vaso 8,MQ138,corrigido,Temp_C,0.9779929335656109,0.1334942506040411
C15,dia 19 - Soja Heterodera Vaso 8,MQ138,cru,Pres_kPa,0.4109407690410909,0.03368225775977012
C15,dia 19 - Soja Heterodera Vaso 8,MQ138,corrigido,Pres_kPa,0.5325217584201767,0.6077371153486083
C16,dia 19 - Soja Heterodera Vaso 9,MQ2,cru,Soil_indice_0_1,0.4503883677308294,0.33431941157722234
C16,dia 19 - Soja Heterodera Vaso 9,MQ2,corrigido,Soil_indice_0_1,0.4311622115025006,0.22099735224961858
C16,dia 19 - Soja Heterodera Vaso 9,MQ2,cru,Temp_C,0.4397645872505104,-0.01555751288363265
C16,dia 19 - Soja Heterodera Vaso 9,MQ2,corrigido,Temp_C,0.4941460678139607,0.022011370026764582
C16,dia 19 - Soja Heterodera Vaso 9,MQ2,cru,Pres_kPa,-0.22376160759079797,0.012192335526182017
C16,dia 19 - Soja Heterodera Vaso 9,MQ2,corrigido,Pres_kPa,-0.17532377995348636,0.15907494711274825
C16,dia 19 - Soja Heterodera Vaso 9,MQ3,cru,Soil_indice_0_1,0.6865891101670479,0.3814812764721153
C16,dia 19 - Soja Heterodera Vaso 9,MQ3,corrigido,Soil_indice_0_1,0.4372044230752404,0.184553842489856
C16,dia 19 - Soja Heterodera Vaso 9,MQ3,cru,Temp_C,0.7679729439179216,0.3109970675222394
C16,dia 19 - Soja Heterodera Vaso 9,MQ3,corrigido,Temp_C,0.5074105017327916,0.017196079604521457
C16,dia 19 - Soja Heterodera Vaso 9,MQ3,cru,Pres_kPa,-0.431074276075631,0.0017395402875760235
C16,dia 19 - Soja Heterodera Vaso 9,MQ3,corrigido,Pres_kPa,-0.2854856169250009,-0.017841483964696665
C16,dia 19 - Soja Heterodera Vaso 9,MQ7,cru,Soil_indice_0_1,0.7258807315407464,0.30799331429561455
C16,dia 19 - Soja Heterodera Vaso 9,MQ7,corrigido,Soil_indice_0_1,0.7741132771002425,0.37282952560283333
C16,dia 19 - Soja Heterodera Vaso 9,MQ7,cru,Temp_C,0.8739658457861773,0.3709996357170785
C16,dia 19 - Soja Heterodera Vaso 9,MQ7,corrigido,Temp_C,0.9868533091304993,0.2807622182380184
C16,dia 19 - Soja Heterodera Vaso 9,MQ7,cru,Pres_kPa,-0.4852618646980106,0.04378598649522765
C16,dia 19 - Soja Heterodera Vaso 9,MQ7,corrigido,Pres_kPa,-0.4723654422322659,0.8013210941967625
C16,dia 19 - Soja Heterodera Vaso 9,MQ8,cru,Soil_indice_0_1,0.6340073929190589,0.2016452878988635
C16,dia 19 - Soja Heterodera Vaso 9,MQ8,corrigido,Soil_indice_0_1,0.7555964751703202,0.22199369061147037
C16,dia 19 - Soja Heterodera Vaso 9,MQ8,cru,Temp_C,0.7256719354143466,0.12301049068844075
C16,dia 19 - Soja Heterodera Vaso 9,MQ8,corrigido,Temp_C,0.9931355778572949,0.33195622470140956
C16,dia 19 - Soja Heterodera Vaso 9,MQ8,cru,Pres_kPa,-0.49559736278144156,-0.11315531757749095
C16,dia 19 - Soja Heterodera Vaso 9,MQ8,corrigido,Pres_kPa,-0.5034462463861323,0.8141371726322076
C16,dia 19 - Soja Heterodera Vaso 9,MQ135,cru,Soil_indice_0_1,0.7095722364360159,0.37498884914121605
C16,dia 19 - Soja Heterodera Vaso 9,MQ135,corrigido,Soil_indice_0_1,0.5619443195104816,0.3278945079933896
C16,dia 19 - Soja Heterodera Vaso 9,MQ135,cru,Temp_C,0.8141605513364798,0.3279856149010245
C16,dia 19 - Soja Heterodera Vaso 9,MQ135,corrigido,Temp_C,0.6086131782274671,0.09029535622995553
C16,dia 19 - Soja Heterodera Vaso 9,MQ135,cru,Pres_kPa,-0.45336104954698403,0.018917355580808377
C16,dia 19 - Soja Heterodera Vaso 9,MQ135,corrigido,Pres_kPa,-0.2965436352422566,0.0703383848886845
C16,dia 19 - Soja Heterodera Vaso 9,MQ138,cru,Soil_indice_0_1,0.4978508670557088,0.4125288543795462
C16,dia 19 - Soja Heterodera Vaso 9,MQ138,corrigido,Soil_indice_0_1,0.6256932724923336,0.5373510978321198
C16,dia 19 - Soja Heterodera Vaso 9,MQ138,cru,Temp_C,0.4485108277704049,-0.012168274702599369
C16,dia 19 - Soja Heterodera Vaso 9,MQ138,corrigido,Temp_C,0.5731272000714184,0.08228465271596305
C16,dia 19 - Soja Heterodera Vaso 9,MQ138,cru,Pres_kPa,-0.2092052392830734,0.047521646074638664
C16,dia 19 - Soja Heterodera Vaso 9,MQ138,corrigido,Pres_kPa,-0.16974579359411623,0.2675802075565921
C17,dia 19 - Soja Heterodera Vaso 1,MQ2,cru,Soil_indice_0_1,0.45627524500270583,0.07191532238680119
C17,dia 19 - Soja Heterodera Vaso 1,MQ2,corrigido,Soil_indice_0_1,0.4071086662857426,-0.05628756606223964
C17,dia 19 - Soja Heterodera Vaso 1,MQ2,cru,Temp_C,0.7366860013441936,-0.01254119226353017
C17,dia 19 - Soja Heterodera Vaso 1,MQ2,corrigido,Temp_C,0.7702188315276596,0.0030146083863468068
C17,dia 19 - Soja Heterodera Vaso 1,MQ2,cru,Pres_kPa,0.18734793584497605,-0.012189885016594678
C17,dia 19 - Soja Heterodera Vaso 1,MQ2,corrigido,Pres_kPa,0.26067129005312556,0.09135851161469803
C17,dia 19 - Soja Heterodera Vaso 1,MQ3,cru,Soil_indice_0_1,0.1396809345568006,0.04367998466662004
C17,dia 19 - Soja Heterodera Vaso 1,MQ3,corrigido,Soil_indice_0_1,0.029118316504993774,-0.09184407890443838
C17,dia 19 - Soja Heterodera Vaso 1,MQ3,cru,Temp_C,0.3575930481209871,0.04167707084190236
C17,dia 19 - Soja Heterodera Vaso 1,MQ3,corrigido,Temp_C,0.31297895893739663,0.03799761872385024
C17,dia 19 - Soja Heterodera Vaso 1,MQ3,cru,Pres_kPa,0.09412977622794812,-0.06620060280721568
C17,dia 19 - Soja Heterodera Vaso 1,MQ3,corrigido,Pres_kPa,0.06840840671172857,-0.07417224325638838
C17,dia 19 - Soja Heterodera Vaso 1,MQ7,cru,Soil_indice_0_1,0.3780346758969596,0.1023628896519975
C17,dia 19 - Soja Heterodera Vaso 1,MQ7,corrigido,Soil_indice_0_1,0.40119703335187723,0.10241616573936725
C17,dia 19 - Soja Heterodera Vaso 1,MQ7,cru,Temp_C,0.4843256842760229,-0.0195374426073601
C17,dia 19 - Soja Heterodera Vaso 1,MQ7,corrigido,Temp_C,0.5403104946909927,-0.009911560432215541
C17,dia 19 - Soja Heterodera Vaso 1,MQ7,cru,Pres_kPa,0.14115868654095126,0.041237885785384204
C17,dia 19 - Soja Heterodera Vaso 1,MQ7,corrigido,Pres_kPa,0.198066015327927,0.0919941156917223
C17,dia 19 - Soja Heterodera Vaso 1,MQ8,cru,Soil_indice_0_1,-0.10343393698670883,-0.007515009006555273
C17,dia 19 - Soja Heterodera Vaso 1,MQ8,corrigido,Soil_indice_0_1,0.01522377047407311,0.0021690080385871704
C17,dia 19 - Soja Heterodera Vaso 1,MQ8,cru,Temp_C,-0.0935233422417885,0.0181337513544242
C17,dia 19 - Soja Heterodera Vaso 1,MQ8,corrigido,Temp_C,0.12166388742327466,0.03314839323782022
C17,dia 19 - Soja Heterodera Vaso 1,MQ8,cru,Pres_kPa,-0.04754744116987556,-0.05299626973395834
C17,dia 19 - Soja Heterodera Vaso 1,MQ8,corrigido,Pres_kPa,0.06008076489069178,-0.005116214257088388
C17,dia 19 - Soja Heterodera Vaso 1,MQ135,cru,Soil_indice_0_1,0.1552231034651469,0.05203009723907537
C17,dia 19 - Soja Heterodera Vaso 1,MQ135,corrigido,Soil_indice_0_1,0.07312237304032747,0.010389570586821382
C17,dia 19 - Soja Heterodera Vaso 1,MQ135,cru,Temp_C,0.32031581881829174,0.056767566301768664
C17,dia 19 - Soja Heterodera Vaso 1,MQ135,corrigido,Temp_C,0.2055322418658361,0.042733771962920775
C17,dia 19 - Soja Heterodera Vaso 1,MQ135,cru,Pres_kPa,0.042393577667897586,-0.09069286125580071
C17,dia 19 - Soja Heterodera Vaso 1,MQ135,corrigido,Pres_kPa,0.02475216270110032,-0.0653400515048357
C17,dia 19 - Soja Heterodera Vaso 1,MQ138,cru,Soil_indice_0_1,0.321804356065861,0.06135127246006431
C17,dia 19 - Soja Heterodera Vaso 1,MQ138,corrigido,Soil_indice_0_1,0.437533179605846,0.12980524515394432
C17,dia 19 - Soja Heterodera Vaso 1,MQ138,cru,Temp_C,0.5327745239221547,-0.005951754205213688
C17,dia 19 - Soja Heterodera Vaso 1,MQ138,corrigido,Temp_C,0.6988105073589624,0.024135138197447805
C17,dia 19 - Soja Heterodera Vaso 1,MQ138,cru,Pres_kPa,0.19637020528304922,0.05373270339457385
C17,dia 19 - Soja Heterodera Vaso 1,MQ138,corrigido,Pres_kPa,0.2992670190185935,0.14363641566923685
C24,dia 11 - Soja Saudavel Vaso 3,MQ2,cru,Soil_indice_0_1,-0.5631395153079686,0.1773057866767944
C24,dia 11 - Soja Saudavel Vaso 3,MQ2,corrigido,Soil_indice_0_1,-0.6316230152138174,-0.0372945563163171
C24,dia 11 - Soja Saudavel Vaso 3,MQ2,cru,Temp_C,0.9324160732500262,-0.010766766590683813
C24,dia 11 - Soja Saudavel Vaso 3,MQ2,corrigido,Temp_C,0.9675037825900987,-0.017242574826325158
C24,dia 11 - Soja Saudavel Vaso 3,MQ2,cru,Pres_kPa,0.5631801237306048,0.33199530958797013
C24,dia 11 - Soja Saudavel Vaso 3,MQ2,corrigido,Pres_kPa,0.557226473197509,0.5216328604396536
C24,dia 11 - Soja Saudavel Vaso 3,MQ3,cru,Soil_indice_0_1,-0.34068430356196383,0.2374371762722103
C24,dia 11 - Soja Saudavel Vaso 3,MQ3,corrigido,Soil_indice_0_1,-0.3568669674414603,0.030972374078792997
C24,dia 11 - Soja Saudavel Vaso 3,MQ3,cru,Temp_C,0.6279855021898465,-0.01920340225319955
C24,dia 11 - Soja Saudavel Vaso 3,MQ3,corrigido,Temp_C,0.49826483987523673,-0.04673861328283316
C24,dia 11 - Soja Saudavel Vaso 3,MQ3,cru,Pres_kPa,0.6443570668301407,0.28497701348516497
C24,dia 11 - Soja Saudavel Vaso 3,MQ3,corrigido,Pres_kPa,0.6349927430143485,0.27491661782615
C24,dia 11 - Soja Saudavel Vaso 3,MQ7,cru,Soil_indice_0_1,-0.5388388700952244,0.23609244736159007
C24,dia 11 - Soja Saudavel Vaso 3,MQ7,corrigido,Soil_indice_0_1,-0.5878067131887968,0.29658130273044625
C24,dia 11 - Soja Saudavel Vaso 3,MQ7,cru,Temp_C,0.9189165609003271,-0.011366112389199101
C24,dia 11 - Soja Saudavel Vaso 3,MQ7,corrigido,Temp_C,0.9818538020451357,0.055244755188358814
C24,dia 11 - Soja Saudavel Vaso 3,MQ7,cru,Pres_kPa,0.5722454366447914,0.3081162341899888
C24,dia 11 - Soja Saudavel Vaso 3,MQ7,corrigido,Pres_kPa,0.5542469681158154,0.7362412089607706
C24,dia 11 - Soja Saudavel Vaso 3,MQ8,cru,Soil_indice_0_1,-0.6453810688675857,-0.11953612596286634
C24,dia 11 - Soja Saudavel Vaso 3,MQ8,corrigido,Soil_indice_0_1,-0.6216511982950772,0.18787499546081282
C24,dia 11 - Soja Saudavel Vaso 3,MQ8,cru,Temp_C,0.980019056827032,0.004322539700817076
C24,dia 11 - Soja Saudavel Vaso 3,MQ8,corrigido,Temp_C,0.9945450561525225,0.13162023117254001
C24,dia 11 - Soja Saudavel Vaso 3,MQ8,cru,Pres_kPa,0.451140439278079,0.10295854390440438
C24,dia 11 - Soja Saudavel Vaso 3,MQ8,corrigido,Pres_kPa,0.5081741758145429,0.8141731644747445
C24,dia 11 - Soja Saudavel Vaso 3,MQ135,cru,Soil_indice_0_1,-0.5371954933629668,0.18109061007078187
C24,dia 11 - Soja Saudavel Vaso 3,MQ135,corrigido,Soil_indice_0_1,-0.5110760317836673,0.15954373487115214
C24,dia 11 - Soja Saudavel Vaso 3,MQ135,cru,Temp_C,0.8988750202014054,-0.013470835149158002
C24,dia 11 - Soja Saudavel Vaso 3,MQ135,corrigido,Temp_C,0.8504340569662757,-0.03528806900676734
C24,dia 11 - Soja Saudavel Vaso 3,MQ135,cru,Pres_kPa,0.5856477474883175,0.32063790718177276
C24,dia 11 - Soja Saudavel Vaso 3,MQ135,corrigido,Pres_kPa,0.6279461482293139,0.3676406217809505
C24,dia 11 - Soja Saudavel Vaso 3,MQ138,cru,Soil_indice_0_1,-0.4670758558221154,0.09924655080681859
C24,dia 11 - Soja Saudavel Vaso 3,MQ138,corrigido,Soil_indice_0_1,-0.4572225282164637,0.2917084870476391
C24,dia 11 - Soja Saudavel Vaso 3,MQ138,cru,Temp_C,0.7580976201090934,-0.019270848946769784
C24,dia 11 - Soja Saudavel Vaso 3,MQ138,corrigido,Temp_C,0.8497809542704958,0.01765972042555293
C24,dia 11 - Soja Saudavel Vaso 3,MQ138,cru,Pres_kPa,0.5730440256491742,0.215483768380097
C24,dia 11 - Soja Saudavel Vaso 3,MQ138,corrigido,Pres_kPa,0.6264606016354416,0.39080762929730123
C28,dia 13 - Soja Saudavel Vaso 1,MQ2,cru,Soil_indice_0_1,-0.12438590068264414,-0.004603582799694673
C28,dia 13 - Soja Saudavel Vaso 1,MQ2,corrigido,Soil_indice_0_1,-0.7633207337661129,-0.9162923757277435
C28,dia 13 - Soja Saudavel Vaso 1,MQ2,cru,Temp_C,0.6160000143234677,0.02696006448920106
C28,dia 13 - Soja Saudavel Vaso 1,MQ2,corrigido,Temp_C,0.6758245209622322,0.05767316312836547
C28,dia 13 - Soja Saudavel Vaso 1,MQ2,cru,Pres_kPa,0.2664213000849376,0.4656136585572413
C28,dia 13 - Soja Saudavel Vaso 1,MQ2,corrigido,Pres_kPa,-0.07930146554350521,0.1570940727747143
C28,dia 13 - Soja Saudavel Vaso 1,MQ3,cru,Soil_indice_0_1,-0.16142009557844472,0.030091778051693007
C28,dia 13 - Soja Saudavel Vaso 1,MQ3,corrigido,Soil_indice_0_1,-0.9106592590313973,-0.9629840042620136
C28,dia 13 - Soja Saudavel Vaso 1,MQ3,cru,Temp_C,0.9837506681921948,-0.053790431914870006
C28,dia 13 - Soja Saudavel Vaso 1,MQ3,corrigido,Temp_C,-0.12984711660162074,0.03084470975277717
C28,dia 13 - Soja Saudavel Vaso 1,MQ3,cru,Pres_kPa,-0.3487415210497331,0.18569814042738644
C28,dia 13 - Soja Saudavel Vaso 1,MQ3,corrigido,Pres_kPa,0.19128929838330175,0.07219913717403888
C28,dia 13 - Soja Saudavel Vaso 1,MQ7,cru,Soil_indice_0_1,-0.12183871388738594,0.0006848855651133705
C28,dia 13 - Soja Saudavel Vaso 1,MQ7,corrigido,Soil_indice_0_1,0.10242898174016823,0.5653673753767924
C28,dia 13 - Soja Saudavel Vaso 1,MQ7,cru,Temp_C,0.6136270643974976,0.023781127221547668
C28,dia 13 - Soja Saudavel Vaso 1,MQ7,corrigido,Temp_C,0.8385621754134125,0.013771170706714818
C28,dia 13 - Soja Saudavel Vaso 1,MQ7,cru,Pres_kPa,0.2700145415784494,0.4702037979419117
C28,dia 13 - Soja Saudavel Vaso 1,MQ7,corrigido,Pres_kPa,-0.010644186257444762,0.45514657242729517
C28,dia 13 - Soja Saudavel Vaso 1,MQ8,cru,Soil_indice_0_1,-0.0010326196496939714,-0.003971349121184722
C28,dia 13 - Soja Saudavel Vaso 1,MQ8,corrigido,Soil_indice_0_1,0.017763978499452777,0.2818466711503436
C28,dia 13 - Soja Saudavel Vaso 1,MQ8,cru,Temp_C,0.1140875723304063,0.01985317383725418
C28,dia 13 - Soja Saudavel Vaso 1,MQ8,corrigido,Temp_C,0.8080211166460205,0.0441423603042887
C28,dia 13 - Soja Saudavel Vaso 1,MQ8,cru,Pres_kPa,-0.5183712983124132,-0.14624027234428885
C28,dia 13 - Soja Saudavel Vaso 1,MQ8,corrigido,Pres_kPa,-0.407992717009384,0.1284396360172483
C28,dia 13 - Soja Saudavel Vaso 1,MQ135,cru,Soil_indice_0_1,-0.16986255498829933,-0.024018258652140554
C28,dia 13 - Soja Saudavel Vaso 1,MQ135,corrigido,Soil_indice_0_1,-0.7158643829764684,-0.9010348861353839
C28,dia 13 - Soja Saudavel Vaso 1,MQ135,cru,Temp_C,0.976571304618089,-0.03815488715093347
C28,dia 13 - Soja Saudavel Vaso 1,MQ135,corrigido,Temp_C,-0.4264187674800292,0.010690570609456664
C28,dia 13 - Soja Saudavel Vaso 1,MQ135,cru,Pres_kPa,-0.36588647205853075,0.10466154217632873
C28,dia 13 - Soja Saudavel Vaso 1,MQ135,corrigido,Pres_kPa,0.32100302946268694,0.06552689875846329
C28,dia 13 - Soja Saudavel Vaso 1,MQ138,cru,Soil_indice_0_1,-0.12519938054457466,-0.007211903082304882
C28,dia 13 - Soja Saudavel Vaso 1,MQ138,corrigido,Soil_indice_0_1,0.38859242213032347,0.8743735660996355
C28,dia 13 - Soja Saudavel Vaso 1,MQ138,cru,Temp_C,0.6138266877585821,0.021368836459263945
C28,dia 13 - Soja Saudavel Vaso 1,MQ138,corrigido,Temp_C,0.7892237289878647,-0.01597834820807552
C28,dia 13 - Soja Saudavel Vaso 1,MQ138,cru,Pres_kPa,0.2676217170356212,0.46337290817632043
C28,dia 13 - Soja Saudavel Vaso 1,MQ138,corrigido,Pres_kPa,-0.13529513888484299,0.2867484119511183
C29,dia 13 - Soja Saudavel Vaso 3,MQ2,cru,Soil_indice_0_1,-0.23992073819398851,-0.1394914938974687
C29,dia 13 - Soja Saudavel Vaso 3,MQ2,corrigido,Soil_indice_0_1,-0.5854050433168416,-0.8727224973476216
C29,dia 13 - Soja Saudavel Vaso 3,MQ2,cru,Temp_C,-0.370919473948194,0.025100731043177855
C29,dia 13 - Soja Saudavel Vaso 3,MQ2,corrigido,Temp_C,0.6993628561068974,0.052583632951204586
C29,dia 13 - Soja Saudavel Vaso 3,MQ2,cru,Pres_kPa,-0.16669829458218402,0.04530597185095863
C29,dia 13 - Soja Saudavel Vaso 3,MQ2,corrigido,Pres_kPa,0.17131510372563957,0.13896600519517993
C29,dia 13 - Soja Saudavel Vaso 3,MQ3,cru,Soil_indice_0_1,-0.0788716631520051,-0.1654055418240891
C29,dia 13 - Soja Saudavel Vaso 3,MQ3,corrigido,Soil_indice_0_1,-0.4063505934312208,-0.8586849579349243
C29,dia 13 - Soja Saudavel Vaso 3,MQ3,cru,Temp_C,-0.9407062442479599,-0.028625677897507626
C29,dia 13 - Soja Saudavel Vaso 3,MQ3,corrigido,Temp_C,-0.899788479964522,-0.002749205434540145
C29,dia 13 - Soja Saudavel Vaso 3,MQ3,cru,Pres_kPa,-0.15330628385963593,-0.10275651112761525
C29,dia 13 - Soja Saudavel Vaso 3,MQ3,corrigido,Pres_kPa,-0.17284587442701665,-0.07794498534327274
C29,dia 13 - Soja Saudavel Vaso 3,MQ7,cru,Soil_indice_0_1,-0.24722162643744117,-0.14853226773250544
C29,dia 13 - Soja Saudavel Vaso 3,MQ7,corrigido,Soil_indice_0_1,0.19960775178197054,0.36250435127484865
C29,dia 13 - Soja Saudavel Vaso 3,MQ7,cru,Temp_C,-0.37198641828272816,0.024347563135700516
C29,dia 13 - Soja Saudavel Vaso 3,MQ7,corrigido,Temp_C,0.87779189449694,0.032770953131384034
C29,dia 13 - Soja Saudavel Vaso 3,MQ7,cru,Pres_kPa,-0.17470272623575714,0.03546830182734355
C29,dia 13 - Soja Saudavel Vaso 3,MQ7,corrigido,Pres_kPa,0.24958634383639985,0.28295723524766536
C29,dia 13 - Soja Saudavel Vaso 3,MQ8,cru,Soil_indice_0_1,0.05361551566600054,-0.010159356688709641
C29,dia 13 - Soja Saudavel Vaso 3,MQ8,corrigido,Soil_indice_0_1,0.09929457580149519,0.5637064562742887
C29,dia 13 - Soja Saudavel Vaso 3,MQ8,cru,Temp_C,0.9987780684551913,-0.01344933690153365
C29,dia 13 - Soja Saudavel Vaso 3,MQ8,corrigido,Temp_C,0.9966732931713782,0.1283846835586413
C29,dia 13 - Soja Saudavel Vaso 3,MQ8,cru,Pres_kPa,0.16417668492854276,0.0363156447211307
C29,dia 13 - Soja Saudavel Vaso 3,MQ8,corrigido,Pres_kPa,0.20489631167159889,0.5467672544240757
C29,dia 13 - Soja Saudavel Vaso 3,MQ135,cru,Soil_indice_0_1,-0.06854320521831314,-0.1147230547276945
C29,dia 13 - Soja Saudavel Vaso 3,MQ135,corrigido,Soil_indice_0_1,-0.2135629881121476,-0.690539325276942
C29,dia 13 - Soja Saudavel Vaso 3,MQ135,cru,Temp_C,-0.9375052968135198,-0.04506788607868411
C29,dia 13 - Soja Saudavel Vaso 3,MQ135,corrigido,Temp_C,-0.9685563337982882,-0.02662849697677669
C29,dia 13 - Soja Saudavel Vaso 3,MQ135,cru,Pres_kPa,-0.15985646239322318,-0.10366229946046118
C29,dia 13 - Soja Saudavel Vaso 3,MQ135,corrigido,Pres_kPa,-0.14682929196683456,0.02201589878298395
C29,dia 13 - Soja Saudavel Vaso 3,MQ138,cru,Soil_indice_0_1,-0.2484902255778989,-0.15016593819699559
C29,dia 13 - Soja Saudavel Vaso 3,MQ138,corrigido,Soil_indice_0_1,0.378417325666958,0.7831796383173304
C29,dia 13 - Soja Saudavel Vaso 3,MQ138,cru,Temp_C,-0.368911545949367,0.027139374425860344
C29,dia 13 - Soja Saudavel Vaso 3,MQ138,corrigido,Temp_C,0.9085446482840064,0.019765974270545703
C29,dia 13 - Soja Saudavel Vaso 3,MQ138,cru,Pres_kPa,-0.16946407564026902,0.041463528648948256
C29,dia 13 - Soja Saudavel Vaso 3,MQ138,corrigido,Pres_kPa,0.29808035395077087,0.3333266374807815
C30,dia 13 - Soja Saudavel Vaso 4,MQ2,cru,Soil_indice_0_1,0.2226646443696484,0.22371682452673006
C30,dia 13 - Soja Saudavel Vaso 4,MQ2,corrigido,Soil_indice_0_1,0.09249355407762898,-0.35770354175266106
C30,dia 13 - Soja Saudavel Vaso 4,MQ2,cru,Temp_C,0.9522405665043282,0.01741427583048459
C30,dia 13 - Soja Saudavel Vaso 4,MQ2,corrigido,Temp_C,0.9740328376116023,0.05851665650278163
C30,dia 13 - Soja Saudavel Vaso 4,MQ2,cru,Pres_kPa,0.5066920662497693,0.19220518677128828
C30,dia 13 - Soja Saudavel Vaso 4,MQ2,corrigido,Pres_kPa,0.5845037585036994,0.5713413552494327
C30,dia 13 - Soja Saudavel Vaso 4,MQ3,cru,Soil_indice_0_1,0.11708142041442333,-0.08311075356064304
C30,dia 13 - Soja Saudavel Vaso 4,MQ3,corrigido,Soil_indice_0_1,-0.709351855687731,-0.7433595018143907
C30,dia 13 - Soja Saudavel Vaso 4,MQ3,cru,Temp_C,0.9223265960356527,-0.02647366856820664
C30,dia 13 - Soja Saudavel Vaso 4,MQ3,corrigido,Temp_C,0.16719853120166306,-0.05935700568501625
C30,dia 13 - Soja Saudavel Vaso 4,MQ3,cru,Pres_kPa,0.47454881416023403,0.11243423359166792
C30,dia 13 - Soja Saudavel Vaso 4,MQ3,corrigido,Pres_kPa,-0.02623038939223659,-0.02755204902971732
C30,dia 13 - Soja Saudavel Vaso 4,MQ7,cru,Soil_indice_0_1,0.223065158123309,0.22236338783807488
C30,dia 13 - Soja Saudavel Vaso 4,MQ7,corrigido,Soil_indice_0_1,0.22719127461991534,0.26030467919289485
C30,dia 13 - Soja Saudavel Vaso 4,MQ7,cru,Temp_C,0.9515401514045789,0.02057060866502753
C30,dia 13 - Soja Saudavel Vaso 4,MQ7,corrigido,Temp_C,0.9740946515009493,0.08046965926805628
C30,dia 13 - Soja Saudavel Vaso 4,MQ7,cru,Pres_kPa,0.5095346362178683,0.2015736463086669
C30,dia 13 - Soja Saudavel Vaso 4,MQ7,corrigido,Pres_kPa,0.5614212643432934,0.4440853028636775
C30,dia 13 - Soja Saudavel Vaso 4,MQ8,cru,Soil_indice_0_1,0.16670361661131206,-0.008101169211397764
C30,dia 13 - Soja Saudavel Vaso 4,MQ8,corrigido,Soil_indice_0_1,0.2064048574723737,0.19063015180115755
C30,dia 13 - Soja Saudavel Vaso 4,MQ8,cru,Temp_C,0.8118537306845471,-0.02461921566803651
C30,dia 13 - Soja Saudavel Vaso 4,MQ8,corrigido,Temp_C,0.9823992898090127,0.10375221873174785
C30,dia 13 - Soja Saudavel Vaso 4,MQ8,cru,Pres_kPa,0.36501850191648555,-0.12259265318691558
C30,dia 13 - Soja Saudavel Vaso 4,MQ8,corrigido,Pres_kPa,0.5460474367920408,0.41477030000873544
C30,dia 13 - Soja Saudavel Vaso 4,MQ135,cru,Soil_indice_0_1,0.0916483594657364,-0.12414867311180477
C30,dia 13 - Soja Saudavel Vaso 4,MQ135,corrigido,Soil_indice_0_1,-0.24959780964455586,-0.3584242534144118
C30,dia 13 - Soja Saudavel Vaso 4,MQ135,cru,Temp_C,0.8998065283207328,-0.014342404707967816
C30,dia 13 - Soja Saudavel Vaso 4,MQ135,corrigido,Temp_C,0.5375317608844187,-0.05158140318131928
C30,dia 13 - Soja Saudavel Vaso 4,MQ135,cru,Pres_kPa,0.46865556276555714,0.11479446927194938
C30,dia 13 - Soja Saudavel Vaso 4,MQ135,corrigido,Pres_kPa,0.34179681669949347,0.2181386812462166
C30,dia 13 - Soja Saudavel Vaso 4,MQ138,cru,Soil_indice_0_1,0.21984235001046012,0.2143982437419603
C30,dia 13 - Soja Saudavel Vaso 4,MQ138,corrigido,Soil_indice_0_1,0.3044981195516078,0.5041423835552783
C30,dia 13 - Soja Saudavel Vaso 4,MQ138,cru,Temp_C,0.9516498250532565,0.020363602402802244
C30,dia 13 - Soja Saudavel Vaso 4,MQ138,corrigido,Temp_C,0.9638226256915662,0.10887112836984393
C30,dia 13 - Soja Saudavel Vaso 4,MQ138,cru,Pres_kPa,0.5122014846177068,0.21488760618641928
C30,dia 13 - Soja Saudavel Vaso 4,MQ138,corrigido,Pres_kPa,0.6389884864845319,0.718518753780678
C31,dia 13 - Soja Saudavel Vaso 5,MQ2,cru,Soil_indice_0_1,-0.17394966449512475,-0.061363169904414615
C31,dia 13 - Soja Saudavel Vaso 5,MQ2,corrigido,Soil_indice_0_1,-0.3869828273623881,-0.7662795554423167
C31,dia 13 - Soja Saudavel Vaso 5,MQ2,cru,Temp_C,0.9967925816706121,0.03152337722457919
C31,dia 13 - Soja Saudavel Vaso 5,MQ2,corrigido,Temp_C,0.9496011811200554,0.09129816987517046
C31,dia 13 - Soja Saudavel Vaso 5,MQ2,cru,Pres_kPa,-0.2536381460155092,-0.04340808634145276
C31,dia 13 - Soja Saudavel Vaso 5,MQ2,corrigido,Pres_kPa,-0.17859861780300235,0.26509509858602404
C31,dia 13 - Soja Saudavel Vaso 5,MQ3,cru,Soil_indice_0_1,-0.13365669226646545,0.09518666039243126
C31,dia 13 - Soja Saudavel Vaso 5,MQ3,corrigido,Soil_indice_0_1,-0.8731454795156999,-0.8917778716722293
C31,dia 13 - Soja Saudavel Vaso 5,MQ3,cru,Temp_C,0.9667669632487074,0.007953114890866865
C31,dia 13 - Soja Saudavel Vaso 5,MQ3,corrigido,Temp_C,0.39934843531428693,0.01336863530728137
C31,dia 13 - Soja Saudavel Vaso 5,MQ3,cru,Pres_kPa,-0.2623489148489797,-0.005304798706462183
C31,dia 13 - Soja Saudavel Vaso 5,MQ3,corrigido,Pres_kPa,-0.012382527954206747,0.08294849647466535
C31,dia 13 - Soja Saudavel Vaso 5,MQ7,cru,Soil_indice_0_1,-0.17312263517248347,-0.050518335061020374
C31,dia 13 - Soja Saudavel Vaso 5,MQ7,corrigido,Soil_indice_0_1,-0.10082224611958332,0.5679246785484586
C31,dia 13 - Soja Saudavel Vaso 5,MQ7,cru,Temp_C,0.9967724428473936,0.01091424366320708
C31,dia 13 - Soja Saudavel Vaso 5,MQ7,corrigido,Temp_C,0.9925721236862631,0.029304644738668735
C31,dia 13 - Soja Saudavel Vaso 5,MQ7,cru,Pres_kPa,-0.2531975112034606,-0.03737280887256277
C31,dia 13 - Soja Saudavel Vaso 5,MQ7,corrigido,Pres_kPa,-0.2178386293267275,0.30968914978769596
C31,dia 13 - Soja Saudavel Vaso 5,MQ8,cru,Soil_indice_0_1,-0.1567535565894974,-0.02022264000400907
C31,dia 13 - Soja Saudavel Vaso 5,MQ8,corrigido,Soil_indice_0_1,-0.1305839779808333,0.10909417136533435
C31,dia 13 - Soja Saudavel Vaso 5,MQ8,cru,Temp_C,0.9355027447762119,0.0018927738497467102
C31,dia 13 - Soja Saudavel Vaso 5,MQ8,corrigido,Temp_C,0.9651442806646421,0.028512746241956148
C31,dia 13 - Soja Saudavel Vaso 5,MQ8,cru,Pres_kPa,-0.23577406166314835,0.06606515322674392
C31,dia 13 - Soja Saudavel Vaso 5,MQ8,corrigido,Pres_kPa,-0.21159918989691817,0.1904428092120017
C31,dia 13 - Soja Saudavel Vaso 5,MQ135,cru,Soil_indice_0_1,-0.1301842287357363,0.10212786082342365
C31,dia 13 - Soja Saudavel Vaso 5,MQ135,corrigido,Soil_indice_0_1,-0.6196343581950261,-0.6013095064498621
C31,dia 13 - Soja Saudavel Vaso 5,MQ135,cru,Temp_C,0.9616137484739056,0.021126440262063034
C31,dia 13 - Soja Saudavel Vaso 5,MQ135,corrigido,Temp_C,0.3764016996185426,0.023498916999730588
C31,dia 13 - Soja Saudavel Vaso 5,MQ135,cru,Pres_kPa,-0.251917969645953,0.01931840119265759
C31,dia 13 - Soja Saudavel Vaso 5,MQ135,corrigido,Pres_kPa,0.19455508336461733,0.2717466979963238
C31,dia 13 - Soja Saudavel Vaso 5,MQ138,cru,Soil_indice_0_1,-0.17097374302088916,-0.022133993042865317
C31,dia 13 - Soja Saudavel Vaso 5,MQ138,corrigido,Soil_indice_0_1,0.07869408158055408,0.6935972974180435
C31,dia 13 - Soja Saudavel Vaso 5,MQ138,cru,Temp_C,0.9966842642290448,0.0138983131362585
C31,dia 13 - Soja Saudavel Vaso 5,MQ138,corrigido,Temp_C,0.938237998433363,0.005757906994368295
C31,dia 13 - Soja Saudavel Vaso 5,MQ138,cru,Pres_kPa,-0.2529638996923151,-0.03344392180162306
C31,dia 13 - Soja Saudavel Vaso 5,MQ138,corrigido,Pres_kPa,-0.16746796244121467,0.2865049565006748
C32,dia 19 - Soja Saudavel Vaso 1,MQ2,cru,Soil_indice_0_1,-0.5888449770297879,-0.05400466050080541
C32,dia 19 - Soja Saudavel Vaso 1,MQ2,corrigido,Soil_indice_0_1,-0.5041501151754546,-0.14376873772656118
C32,dia 19 - Soja Saudavel Vaso 1,MQ2,cru,Temp_C,-0.5997905199508066,-0.05074780372165395
C32,dia 19 - Soja Saudavel Vaso 1,MQ2,corrigido,Temp_C,-0.46083109373750075,-0.02980506271011473
C32,dia 19 - Soja Saudavel Vaso 1,MQ2,cru,Pres_kPa,0.2204687450571759,0.045408064772737296
C32,dia 19 - Soja Saudavel Vaso 1,MQ2,corrigido,Pres_kPa,0.30485938414486,0.20342805177446846
C32,dia 19 - Soja Saudavel Vaso 1,MQ3,cru,Soil_indice_0_1,0.7254103276142523,-0.013692673305656626
C32,dia 19 - Soja Saudavel Vaso 1,MQ3,corrigido,Soil_indice_0_1,-0.23280915304406422,-0.3040761565468355
C32,dia 19 - Soja Saudavel Vaso 1,MQ3,cru,Temp_C,0.8107117732706528,0.006683484712136637
C32,dia 19 - Soja Saudavel Vaso 1,MQ3,corrigido,Temp_C,-0.1578212724384481,-0.04032372135641603
C32,dia 19 - Soja Saudavel Vaso 1,MQ3,cru,Pres_kPa,-0.23924944365808462,0.03200345950910689
C32,dia 19 - Soja Saudavel Vaso 1,MQ3,corrigido,Pres_kPa,0.012353825113621012,-0.043135676716449474
C32,dia 19 - Soja Saudavel Vaso 1,MQ7,cru,Soil_indice_0_1,-0.0027821699336331445,0.003948315664202509
C32,dia 19 - Soja Saudavel Vaso 1,MQ7,corrigido,Soil_indice_0_1,0.15872570794704338,0.04206211888852698
C32,dia 19 - Soja Saudavel Vaso 1,MQ7,cru,Temp_C,0.003343056390944099,-0.0770363393588344
C32,dia 19 - Soja Saudavel Vaso 1,MQ7,corrigido,Temp_C,0.16728202023899238,-0.08343476335309671
C32,dia 19 - Soja Saudavel Vaso 1,MQ7,cru,Pres_kPa,-0.025007716705486547,-0.02403184014062603
C32,dia 19 - Soja Saudavel Vaso 1,MQ7,corrigido,Pres_kPa,0.0015863347616378095,0.060056004101976646
C32,dia 19 - Soja Saudavel Vaso 1,MQ8,cru,Soil_indice_0_1,0.12666502148100434,0.09264699862081299
C32,dia 19 - Soja Saudavel Vaso 1,MQ8,corrigido,Soil_indice_0_1,0.8209044961753197,0.029396580093703585
C32,dia 19 - Soja Saudavel Vaso 1,MQ8,cru,Temp_C,0.029342937268972864,-0.010046178584418735
C32,dia 19 - Soja Saudavel Vaso 1,MQ8,corrigido,Temp_C,0.9019938974265236,0.0030905419983756994
C32,dia 19 - Soja Saudavel Vaso 1,MQ8,cru,Pres_kPa,-0.07890216843270659,-0.09008912896425246
C32,dia 19 - Soja Saudavel Vaso 1,MQ8,corrigido,Pres_kPa,-0.2045134932920539,0.19836009418044745
C32,dia 19 - Soja Saudavel Vaso 1,MQ135,cru,Soil_indice_0_1,0.7514310802662395,0.021210033725520567
C32,dia 19 - Soja Saudavel Vaso 1,MQ135,corrigido,Soil_indice_0_1,0.000233716498745541,-0.03805778633980584
C32,dia 19 - Soja Saudavel Vaso 1,MQ135,cru,Temp_C,0.8465404012444793,0.034450540699354285
C32,dia 19 - Soja Saudavel Vaso 1,MQ135,corrigido,Temp_C,-0.00592683777690473,0.0014501021524205835
C32,dia 19 - Soja Saudavel Vaso 1,MQ135,cru,Pres_kPa,-0.2880486980679821,-0.0381940032245473
C32,dia 19 - Soja Saudavel Vaso 1,MQ135,corrigido,Pres_kPa,0.03508766689249717,0.03381036898769159
C32,dia 19 - Soja Saudavel Vaso 1,MQ138,cru,Soil_indice_0_1,-0.861866874583903,0.05132629728108804
C32,dia 19 - Soja Saudavel Vaso 1,MQ138,corrigido,Soil_indice_0_1,0.8687426573396853,0.30371881821114954
C32,dia 19 - Soja Saudavel Vaso 1,MQ138,cru,Temp_C,-0.9583875096342365,-0.009659899831305328
C32,dia 19 - Soja Saudavel Vaso 1,MQ138,corrigido,Temp_C,0.9101352435651644,0.09608265060816071
C32,dia 19 - Soja Saudavel Vaso 1,MQ138,cru,Pres_kPa,0.33019367421267304,0.09963869228139577
C32,dia 19 - Soja Saudavel Vaso 1,MQ138,corrigido,Pres_kPa,-0.014417840079580904,0.6955482354933001
